[{"model": "contenttypes.contenttype", "pk": 1, "fields": {"app_label": "admin", "model": "logentry"}}, {"model": "contenttypes.contenttype", "pk": 2, "fields": {"app_label": "auth", "model": "permission"}}, {"model": "contenttypes.contenttype", "pk": 3, "fields": {"app_label": "auth", "model": "group"}}, {"model": "contenttypes.contenttype", "pk": 4, "fields": {"app_label": "auth", "model": "user"}}, {"model": "contenttypes.contenttype", "pk": 5, "fields": {"app_label": "contenttypes", "model": "contenttype"}}, {"model": "contenttypes.contenttype", "pk": 6, "fields": {"app_label": "sessions", "model": "session"}}, {"model": "contenttypes.contenttype", "pk": 7, "fields": {"app_label": "repository", "model": "article"}}, {"model": "contenttypes.contenttype", "pk": 8, "fields": {"app_label": "repository", "model": "blog"}}, {"model": "contenttypes.contenttype", "pk": 9, "fields": {"app_label": "repository", "model": "userfans"}}, {"model": "contenttypes.contenttype", "pk": 10, "fields": {"app_label": "repository", "model": "userinfo"}}, {"model": "contenttypes.contenttype", "pk": 11, "fields": {"app_label": "repository", "model": "tag"}}, {"model": "contenttypes.contenttype", "pk": 12, "fields": {"app_label": "repository", "model": "comment"}}, {"model": "contenttypes.contenttype", "pk": 13, "fields": {"app_label": "repository", "model": "category"}}, {"model": "contenttypes.contenttype", "pk": 14, "fields": {"app_label": "repository", "model": "articledetail"}}, {"model": "contenttypes.contenttype", "pk": 15, "fields": {"app_label": "repository", "model": "article2tag"}}, {"model": "contenttypes.contenttype", "pk": 16, "fields": {"app_label": "repository", "model": "updown"}}, {"model": "contenttypes.contenttype", "pk": 17, "fields": {"app_label": "repository", "model": "trouble"}}, {"model": "sessions.session", "pk": "1267f2hu92p5jp7bqk83zbeogv5gsa5c", "fields": {"session_data": "NzA5ZGI2NTk3NDMzZmU5YjhmZWUyNjZhNDMyNDU2YTJlNGNiZGJkMzp7IkNoZWNrQ29kZSI6ImVGOEgiLCJ1c2VyX2luZm8iOnsibmlkIjoxLCJuaWNrbmFtZSI6Ilx1ODBlMVx1NWI1MFx1Njc3MCIsInVzZXJuYW1lIjoicm9vdCIsImVtYWlsIjoiMTA5MzUyNzIyNjJAcXEuY29tIiwiYXZhdGFyIjoic3RhdGljL2ltZy90b3V4aWFuZy82LmpwZyIsImJsb2dfX25pZCI6MSwiYmxvZ19fc2l0ZSI6IlNjb3JjaCJ9LCJfc2Vzc2lvbl9leHBpcnkiOjI1OTIwMDB9", "expire_date": "2020-03-19T07:38:42.511Z"}}, {"model": "sessions.session", "pk": "2ikei9p9b3bufk9f9cjgze3yqwhodrc0", "fields": {"session_data": "MjViZjQ0OTA4N2FmMzZlN2Q1ODVjMDU1NzY5NzdjNTkwYzUwOTdmZTp7IkNoZWNrQ29kZSI6IjdNUkUifQ==", "expire_date": "2020-02-18T12:28:00.891Z"}}, {"model": "sessions.session", "pk": "67vyp4cb3znqvux4rcx6j3euzx2mmt7z", "fields": {"session_data": "MWJhNjhjMGE5YTQyZWQ5ZDZmZWQ1MjAzNDAwYzE4ODVjNThjYjhkOTp7IkNoZWNrQ29kZSI6ImF5cmUifQ==", "expire_date": "2020-03-20T08:37:30.303Z"}}, {"model": "sessions.session", "pk": "6d6wffdy612clslvuodqrv3nxbtx4oa6", "fields": {"session_data": "NmM4MTc1NzZlNTNmY2RmZDE3YzkwNDQ5MjBhYzBhMjRmNGYwZGUyZTp7Il9hdXRoX3VzZXJfaWQiOiIxIiwiX2F1dGhfdXNlcl9iYWNrZW5kIjoiZGphbmdvLmNvbnRyaWIuYXV0aC5iYWNrZW5kcy5Nb2RlbEJhY2tlbmQiLCJfYXV0aF91c2VyX2hhc2giOiI2NzkzNGM1NTFiMDc5OTE4NTc5MzEwZDU5NTFjYjczOWNhYmM2MWE2In0=", "expire_date": "2020-04-17T11:27:14.900Z"}}, {"model": "sessions.session", "pk": "75gmgv4zihyxoqguyx2ffh4ohrj3bwkg", "fields": {"session_data": "N2QxNzNjZmIxZTRiMTI1NTQwMWU4ZWE5MmNlYmI3MWU2ZDJiZmRkZjp7IkNoZWNrQ29kZSI6IkFGRVciLCJjaGVja19jb2RlIjoiV2RqQiJ9", "expire_date": "2020-02-18T03:34:24.503Z"}}, {"model": "sessions.session", "pk": "839cwcbi0yex9snvuk2u7rlqb9xonjqc", "fields": {"session_data": "MDg5M2FhMDE2MGQ1YmU1MTNiZjY1M2I1Yjk1ZjBiYTNlNjY0ZDFhYjp7IkNoZWNrQ29kZSI6IjNNUTUifQ==", "expire_date": "2020-02-21T09:51:35.408Z"}}, {"model": "sessions.session", "pk": "a80w3koi7sl5z5fgffrexy47d12x317o", "fields": {"session_data": "NDdlM2M2NThhYWJhYTMyOTg3NTVlZTFjZDJiN2E0M2MzMWI1NzhmYjp7IkNoZWNrQ29kZSI6IlhyOU4iLCJ1c2VyX2luZm8iOnsibmlkIjoxLCJuaWNrbmFtZSI6Ilx1ODBlMVx1NWI1MFx1Njc3MCIsInVzZXJuYW1lIjoicm9vdCIsImVtYWlsIjoiMTA5MzUyNzIyNjJAcXEuY29tIiwiYXZhdGFyIjoic3RhdGljL2ltZy90b3V4aWFuZy82LmpwZyIsImJsb2dfX25pZCI6MSwiYmxvZ19fc2l0ZSI6IlNjb3JjaCJ9LCJfc2Vzc2lvbl9leHBpcnkiOjI1OTIwMDB9", "expire_date": "2020-03-21T09:54:16.540Z"}}, {"model": "sessions.session", "pk": "acmwctf8euku758is64ckjogyoesky06", "fields": {"session_data": "Y2I1ZDdmNTJjNWMwYTY3ZDdkYjljNDAxZjFmNWY5NjdkOWNiNWU0NTp7IkNoZWNrQ29kZSI6ImFndmMiLCJ1c2VyX2luZm8iOnsibmlkIjoxLCJuaWNrbmFtZSI6Ilx1ODBlMVx1NWI1MFx1Njc3MCIsInVzZXJuYW1lIjoicm9vdCIsImVtYWlsIjoiMTA5MzUyNzIyNjJAcXEuY29tIiwiYXZhdGFyIjoic3RhdGljL2ltZy90b3V4aWFuZy82LmpwZyIsImJsb2dfX25pZCI6MSwiYmxvZ19fc2l0ZSI6IlNjb3JjaCJ9LCJfc2Vzc2lvbl9leHBpcnkiOjI1OTIwMDB9", "expire_date": "2020-04-16T09:42:12.655Z"}}, {"model": "sessions.session", "pk": "cfdez0ubt93vxk71254gkvwkc4elx1i8", "fields": {"session_data": "MDg0ODAyNDYzOGM2YWMwY2UwMDVhZDE4NjFkNTZlOThmZWM5ZjVlNDp7IkNoZWNrQ29kZSI6IjhkOWYifQ==", "expire_date": "2020-02-18T14:17:18.837Z"}}, {"model": "sessions.session", "pk": "ct6schenf4jq1ymfo8sxrmrsephwem1m", "fields": {"session_data": "N2M0MTAyYjExZTZkOTZkZmE4YTdkZDU0MTg5NzVmZDc1ZWZiYWZmOTp7IkNoZWNrQ29kZSI6IlRhYkciLCJ1c2VyX2luZm8iOnsibmlkIjoxLCJuaWNrbmFtZSI6Ilx1ODBlMVx1NWI1MFx1Njc3MCIsInVzZXJuYW1lIjoicm9vdCIsImVtYWlsIjoiMTA5MzUyNzIyNjJAcXEuY29tIiwiYXZhdGFyIjoic3RhdGljL2ltZy90b3V4aWFuZy82LmpwZyIsImJsb2dfX25pZCI6MSwiYmxvZ19fc2l0ZSI6IlNjb3JjaCJ9LCJfc2Vzc2lvbl9leHBpcnkiOjI1OTIwMDB9", "expire_date": "2020-03-28T04:22:09.381Z"}}, {"model": "sessions.session", "pk": "f8xo7lu099jc6kahxngnaj1jepcr1k6s", "fields": {"session_data": "Y2ZkMDlmNDdlZjUzNTljYTYyMTJhM2QwZjQ3YjUzNDdmZmFkYmEyYTp7IkNoZWNrQ29kZSI6IkZKdFkifQ==", "expire_date": "2020-02-18T12:46:01.981Z"}}, {"model": "sessions.session", "pk": "ffjxapewao9uva4c7w1f9jfp7x9sx4b5", "fields": {"session_data": "ZTM3ZDE0NDE3NmI4OTcwZGU3ZTIzY2RkYWM3MzRlMzY0NTkyMjliZTp7IkNoZWNrQ29kZSI6ImdQRzYiLCJ1c2VyX2luZm8iOnsibmlkIjoxLCJuaWNrbmFtZSI6Ilx1ODBlMVx1NWI1MFx1Njc3MCIsInVzZXJuYW1lIjoicm9vdCIsImVtYWlsIjoiMTA5MzUyNzIyNjJAcXEuY29tIiwiYXZhdGFyIjoic3RhdGljL2ltZy90b3V4aWFuZy82LmpwZyIsImJsb2dfX25pZCI6MSwiYmxvZ19fc2l0ZSI6IlNjb3JjaCJ9LCJfc2Vzc2lvbl9leHBpcnkiOjI1OTIwMDAsIl9hdXRoX3VzZXJfaWQiOiIxIiwiX2F1dGhfdXNlcl9iYWNrZW5kIjoiZGphbmdvLmNvbnRyaWIuYXV0aC5iYWNrZW5kcy5Nb2RlbEJhY2tlbmQiLCJfYXV0aF91c2VyX2hhc2giOiI2NzkzNGM1NTFiMDc5OTE4NTc5MzEwZDU5NTFjYjczOWNhYmM2MWE2In0=", "expire_date": "2020-03-30T16:05:33.093Z"}}, {"model": "sessions.session", "pk": "gmfvob5il2e51pb3pj1s9wun8yg7k5w9", "fields": {"session_data": "ZWZhNDAwNjg2MjNlYTQ3ZTMyNTljNjJkY2FlNjRmODEzMWFhMGVhYTp7IkNoZWNrQ29kZSI6InhBOVEiLCJ1c2VyX2luZm8iOnsibmlkIjoxLCJuaWNrbmFtZSI6Ilx1ODBlMVx1NWI1MFx1Njc3MCIsInVzZXJuYW1lIjoicm9vdCIsImVtYWlsIjoiMTA5MzUyNzIyNjJAcXEuY29tIiwiYXZhdGFyIjoic3RhdGljL2ltZy90b3V4aWFuZy82LmpwZyIsImJsb2dfX25pZCI6MSwiYmxvZ19fc2l0ZSI6IlNjb3JjaCJ9LCJfc2Vzc2lvbl9leHBpcnkiOjI1OTIwMDAsIl9hdXRoX3VzZXJfaWQiOiIxIiwiX2F1dGhfdXNlcl9iYWNrZW5kIjoiZGphbmdvLmNvbnRyaWIuYXV0aC5iYWNrZW5kcy5Nb2RlbEJhY2tlbmQiLCJfYXV0aF91c2VyX2hhc2giOiI2NzkzNGM1NTFiMDc5OTE4NTc5MzEwZDU5NTFjYjczOWNhYmM2MWE2In0=", "expire_date": "2020-03-31T02:22:18.140Z"}}, {"model": "sessions.session", "pk": "gwgqcqgu0yrqtgy8q2t4jcfio6hdl5x4", "fields": {"session_data": "MzRlNGQ4MzFiMGYzMDM3ZTYxYmNjNmViODgzMjU4NmRlMjVjZmYxMjp7IkNoZWNrQ29kZSI6InFTaG0iLCJ1c2VyX2luZm8iOnsibmlkIjoxLCJuaWNrbmFtZSI6Ilx1ODBlMVx1NWI1MFx1Njc3MCIsInVzZXJuYW1lIjoicm9vdCIsImVtYWlsIjoiMTA5MzUyNzIyNjJAcXEuY29tIiwiYXZhdGFyIjoic3RhdGljL2ltZy90b3V4aWFuZy82LmpwZyIsImJsb2dfX25pZCI6MSwiYmxvZ19fc2l0ZSI6IlNjb3JjaCJ9LCJfc2Vzc2lvbl9leHBpcnkiOjI1OTIwMDB9", "expire_date": "2020-03-19T08:13:04.032Z"}}, {"model": "sessions.session", "pk": "hnvxlydb2ut7ts70yj87kh4um2o9nj31", "fields": {"session_data": "MjBlZGFiZmE4NjdjZDlkMjBjZjYwYjgwNDgzM2Q2ZTEyYjkxMDhmZTp7IkNoZWNrQ29kZSI6ImNiTU4iLCJ1c2VyX2luZm8iOnsibmlkIjoxLCJuaWNrbmFtZSI6Ilx1ODBlMVx1NWI1MFx1Njc3MCIsInVzZXJuYW1lIjoicm9vdCIsImVtYWlsIjoiMTA5MzUyNzIyNjJAcXEuY29tIiwiYXZhdGFyIjoic3RhdGljL2ltZy90b3V4aWFuZy82LmpwZyIsImJsb2dfX25pZCI6MSwiYmxvZ19fc2l0ZSI6IlNjb3JjaCJ9LCJfc2Vzc2lvbl9leHBpcnkiOjI1OTIwMDB9", "expire_date": "2020-03-19T07:17:02.631Z"}}, {"model": "sessions.session", "pk": "izp4q7bg2kv0oxkaed2cjgbdmivknywb", "fields": {"session_data": "OGRhZTcyZjhlYmExYzQzOGJmYzNiZGVkOGM0MzU4MGE2NjAzYWYxYzp7fQ==", "expire_date": "2020-04-07T04:54:22.594Z"}}, {"model": "sessions.session", "pk": "lbourq66i9xmaamyxz579efwot3ri8v0", "fields": {"session_data": "NjQ4ZGIxZjg1MDYyNDc5NWE2NTA4NzAzMGRmOGJmMjQ3NzRiMGE4Zjp7IkNoZWNrQ29kZSI6InlCamQiLCJ1c2VyX2luZm8iOnsibmlkIjoxLCJuaWNrbmFtZSI6Ilx1ODBlMVx1NWI1MFx1Njc3MCIsInVzZXJuYW1lIjoicm9vdCIsImVtYWlsIjoiMTA5MzUyNzIyNjJAcXEuY29tIiwiYXZhdGFyIjoic3RhdGljL2ltZy90b3V4aWFuZy82LmpwZyIsImJsb2dfX25pZCI6MSwiYmxvZ19fc2l0ZSI6IlNjb3JjaCJ9LCJfc2Vzc2lvbl9leHBpcnkiOjI1OTIwMDB9", "expire_date": "2020-03-29T02:10:24.339Z"}}, {"model": "sessions.session", "pk": "m4xkr19qx5sxbxhe7eo8bncvwxdk9skz", "fields": {"session_data": "YmUwNDQ2ODFiMTViNTE5YzI2NDkxM2JlMjczYjBmODI4NTRiZTIyMjp7IkNoZWNrQ29kZSI6IlhDYlkiLCJ1c2VyX2luZm8iOnsibmlkIjoxLCJuaWNrbmFtZSI6Ilx1ODBlMVx1NWI1MFx1Njc3MCIsInVzZXJuYW1lIjoicm9vdCIsImVtYWlsIjoiMTA5MzUyNzIyNjJAcXEuY29tIiwiYXZhdGFyIjoic3RhdGljL2ltZy90b3V4aWFuZy82LmpwZyIsImJsb2dfX25pZCI6MSwiYmxvZ19fc2l0ZSI6IlNjb3JjaCJ9LCJfc2Vzc2lvbl9leHBpcnkiOjI1OTIwMDB9", "expire_date": "2020-04-09T02:45:16.617Z"}}, {"model": "sessions.session", "pk": "n4g74gv1uossryvkjwt9d4sc2mcuepce", "fields": {"session_data": "OWQ3ZTdkYTkzOWYyZTBjNDZjOWM0MzkxOGZiNmQyZTIyNTY5OWM0Nzp7IkNoZWNrQ29kZSI6IlI5U0cifQ==", "expire_date": "2020-02-18T12:36:08.124Z"}}, {"model": "sessions.session", "pk": "osuc79lrg94e4gg5wfujrcokezjrqrzp", "fields": {"session_data": "MWIzODVkNzA5MDc1YjY0ZDk1YTE3YTQ4NGQ3NzcyMDM2NWExMjVjZDp7Il9hdXRoX3VzZXJfaWQiOiIxIiwiX2F1dGhfdXNlcl9iYWNrZW5kIjoiZGphbmdvLmNvbnRyaWIuYXV0aC5iYWNrZW5kcy5Nb2RlbEJhY2tlbmQiLCJfYXV0aF91c2VyX2hhc2giOiI2NzkzNGM1NTFiMDc5OTE4NTc5MzEwZDU5NTFjYjczOWNhYmM2MWE2IiwiQ2hlY2tDb2RlIjoiUWplWSIsInVzZXJfaW5mbyI6eyJuaWQiOjEsIm5pY2tuYW1lIjoiXHU4MGUxXHU1YjUwXHU2NzcwIiwidXNlcm5hbWUiOiJyb290IiwiZW1haWwiOiIxMDkzNTI3MjI2MkBxcS5jb20iLCJhdmF0YXIiOiJzdGF0aWMvaW1nL3RvdXhpYW5nLzYuanBnIiwiYmxvZ19fbmlkIjoxLCJibG9nX19zaXRlIjoiU2NvcmNoIn0sIl9zZXNzaW9uX2V4cGlyeSI6MjU5MjAwMH0=", "expire_date": "2020-03-21T09:27:03.056Z"}}, {"model": "sessions.session", "pk": "pgxgwn488xfkw5g01axwna0x4dxri8ru", "fields": {"session_data": "NmM4MTc1NzZlNTNmY2RmZDE3YzkwNDQ5MjBhYzBhMjRmNGYwZGUyZTp7Il9hdXRoX3VzZXJfaWQiOiIxIiwiX2F1dGhfdXNlcl9iYWNrZW5kIjoiZGphbmdvLmNvbnRyaWIuYXV0aC5iYWNrZW5kcy5Nb2RlbEJhY2tlbmQiLCJfYXV0aF91c2VyX2hhc2giOiI2NzkzNGM1NTFiMDc5OTE4NTc5MzEwZDU5NTFjYjczOWNhYmM2MWE2In0=", "expire_date": "2020-02-28T05:15:12.584Z"}}, {"model": "sessions.session", "pk": "poir3mitob1pfcqjg64ruzoh0ww3nzvw", "fields": {"session_data": "MGQxMzk1ODliNmVhNjI0ZDNlNGMyM2FmNGNmNDVmZjY5MjI0NDA0ODp7IkNoZWNrQ29kZSI6ImhQdWYiLCJ1c2VyX2luZm8iOnsibmlkIjoxLCJuaWNrbmFtZSI6Ilx1ODBlMVx1NWI1MFx1Njc3MCIsInVzZXJuYW1lIjoicm9vdCIsImVtYWlsIjoiMTA5MzUyNzIyNjJAcXEuY29tIiwiYXZhdGFyIjoic3RhdGljL2ltZy90b3V4aWFuZy82LmpwZyIsImJsb2dfX25pZCI6MSwiYmxvZ19fc2l0ZSI6IlNjb3JjaCJ9LCJfc2Vzc2lvbl9leHBpcnkiOjI1OTIwMDB9", "expire_date": "2020-07-27T03:21:05.365Z"}}, {"model": "sessions.session", "pk": "rew9ynd2pjvx91zjnmlygyxhmfzysyu1", "fields": {"session_data": "NWZhMDczZjI2YzI4ZTQzNTVkZDk3ZmE0MDJiZDQ0NTM0NmJlYTc4Mzp7IkNoZWNrQ29kZSI6ImtlcmQiLCJ1c2VyX2luZm8iOnsibmlkIjoxLCJuaWNrbmFtZSI6Ilx1ODBlMVx1NWI1MFx1Njc3MCIsInVzZXJuYW1lIjoicm9vdCIsImVtYWlsIjoiMTA5MzUyNzIyNjJAcXEuY29tIiwiYXZhdGFyIjoic3RhdGljL2ltZy90b3V4aWFuZy82LmpwZyIsImJsb2dfX25pZCI6MSwiYmxvZ19fc2l0ZSI6IlNjb3JjaCJ9LCJfc2Vzc2lvbl9leHBpcnkiOjI1OTIwMDAsIl9hdXRoX3VzZXJfaWQiOiIyIiwiX2F1dGhfdXNlcl9iYWNrZW5kIjoiZGphbmdvLmNvbnRyaWIuYXV0aC5iYWNrZW5kcy5Nb2RlbEJhY2tlbmQiLCJfYXV0aF91c2VyX2hhc2giOiI0N2I2NTJhYWM3YjBhY2NiNmIyMWEyNDFhOTJhMjIxY2ViZDY1MGE1In0=", "expire_date": "2020-10-13T14:42:08.340Z"}}, {"model": "sessions.session", "pk": "s26zffl764n4egxhoq01xea8efpcr1qw", "fields": {"session_data": "Yzc4ZjZkMThiZDc4OTViN2FkZDViYjg0ODU4MjAzZWJhYmE2ZDg1NDp7Il9hdXRoX3VzZXJfaWQiOiIxIiwiX2F1dGhfdXNlcl9iYWNrZW5kIjoiZGphbmdvLmNvbnRyaWIuYXV0aC5iYWNrZW5kcy5Nb2RlbEJhY2tlbmQiLCJfYXV0aF91c2VyX2hhc2giOiI2NzkzNGM1NTFiMDc5OTE4NTc5MzEwZDU5NTFjYjczOWNhYmM2MWE2IiwiQ2hlY2tDb2RlIjoiQUVTZCIsInVzZXJfaW5mbyI6eyJuaWQiOjEsIm5pY2tuYW1lIjoiXHU4MGUxXHU1YjUwXHU2NzcwIiwidXNlcm5hbWUiOiJyb290IiwiZW1haWwiOiIxMDkzNTI3MjI2MkBxcS5jb20iLCJhdmF0YXIiOiJzdGF0aWMvaW1nL3RvdXhpYW5nLzYuanBnIiwiYmxvZ19fbmlkIjoxLCJibG9nX19zaXRlIjoiU2NvcmNoIn0sIl9zZXNzaW9uX2V4cGlyeSI6MjU5MjAwMH0=", "expire_date": "2020-05-12T16:04:06.960Z"}}, {"model": "sessions.session", "pk": "ycwz2kslivec0yvus77x8p8il6jo76yx", "fields": {"session_data": "MDM3Mjg4MDhjMGM1NGJlMmE5MTMxZTg3NmMwM2QxZTlmYzY4YTcxNzp7IkNoZWNrQ29kZSI6Ik05bkMifQ==", "expire_date": "2020-02-18T14:09:09.601Z"}}, {"model": "repository.userinfo", "pk": 1, "fields": {"username": "root", "password": "51C0D458793FCEA3B5164B532DF3D66796CF3CEF", "nickname": "\u80e1\u5b50\u6770", "email": "10935272262@qq.com", "avatar": "static/img/touxiang/6.jpg", "create_time": "2020-02-14T09:33:50.753Z"}}, {"model": "repository.userinfo", "pk": 2, "fields": {"username": "zijiehu", "password": "51C0D458793FCEA3B5164B532DF3D66796CF3CEF", "nickname": "\u6770\u51fa\u8005", "email": "10935272261@qq.com", "avatar": "static/img/touxiang/6_oP5Mr5w.jpg", "create_time": "2020-02-29T14:00:25.212Z"}}, {"model": "repository.userinfo", "pk": 3, "fields": {"username": "jackma", "password": "51C0D458793FCEA3B5164B532DF3D66796CF3CEF", "nickname": "jack", "email": "10935272253@qq.com", "avatar": "static/img/touxiang/\u7ca4\u5eb7\u7801.png", "create_time": "2020-09-13T12:48:02.213Z"}}, {"model": "repository.blog", "pk": 1, "fields": {"title": "ScorchHu", "site": "Scorch", "theme": "warm", "user": 1}}, {"model": "repository.blog", "pk": 2, "fields": {"title": "zijiehu", "site": "zijiehu", "theme": "warm", "user": 2}}, {"model": "repository.blog", "pk": 3, "fields": {"title": "jackma", "site": "jackma", "theme": "warm", "user": 3}}, {"model": "repository.category", "pk": 1, "fields": {"title": "\u64cd\u4f5c\u7cfb\u7edf", "blog": 1}}, {"model": "repository.category", "pk": 2, "fields": {"title": "Python", "blog": 1}}, {"model": "repository.category", "pk": 3, "fields": {"title": "\u8bbe\u8ba1\u6a21\u5f0f", "blog": 1}}, {"model": "repository.category", "pk": 4, "fields": {"title": "\u8fd0\u7ef4", "blog": 1}}, {"model": "repository.category", "pk": 5, "fields": {"title": "\u7f16\u7a0b\u8bed\u8a00", "blog": 1}}, {"model": "repository.tag", "pk": 1, "fields": {"title": "Python\u4e4b\u8def", "blog": 1}}, {"model": "repository.tag", "pk": 2, "fields": {"title": "\u4eba\u751f\u82e6\u77ed", "blog": 1}}, {"model": "repository.tag", "pk": 3, "fields": {"title": "\u5168\u6808\u5f00\u53d1", "blog": 1}}, {"model": "repository.updown", "pk": 1, "fields": {"article": 1, "user": 1, "up": true}}, {"model": "repository.updown", "pk": 2, "fields": {"article": 2, "user": 1, "up": true}}, {"model": "repository.comment", "pk": 1, "fields": {"content": "\u6709\u670b\u81ea\u8fdc\u65b9\u6765\u4e0d\u4ea6\u8bf4\u4e4e", "create_time": "2020-02-20T17:22:27.001Z", "reply": null, "article": 1, "user": 1}}, {"model": "repository.comment", "pk": 2, "fields": {"content": "\u6709\u670b\u81ea\u8fdc\u65b9\u6765\u4e0d\u4ea6\u8bf4\u4e4e", "create_time": "2020-02-20T17:25:13.239Z", "reply": null, "article": 2, "user": 1}}, {"model": "repository.comment", "pk": 3, "fields": {"content": "\u4e09\u4eba\u884c\u5fc5\u6709\u6211\u5e08\u7109", "create_time": "2020-02-20T17:26:51.009Z", "reply": null, "article": 3, "user": 1}}, {"model": "repository.comment", "pk": 4, "fields": {"content": "\u5e8a\u524d\u660e\u6708\u5149,\u7591\u662f\u5730\u4e0a\u971c", "create_time": "2020-02-20T18:26:25.208Z", "reply": null, "article": 4, "user": 1}}, {"model": "repository.comment", "pk": 6, "fields": {"content": "\u98de\u6d41\u76f4\u4e0b\u4e09\u5343\u5c3a", "create_time": "2020-02-20T17:47:07.398Z", "reply": null, "article": 1, "user": 1}}, {"model": "repository.articledetail", "pk": 1, "fields": {"content": "Python\u5728\u8bbe\u8ba1\u4e0a\u575a\u6301\u4e86\u6e05\u6670\u5212\u4e00\u7684\u98ce\u683c\uff0c\u8fd9\u4f7f\u5f97Python\u6210\u4e3a\u4e00\u95e8\u6613\u8bfb\u3001\u6613\u7ef4\u62a4\uff0c\u5e76\u4e14\u88ab\u5927\u91cf\u7528\u6237\u6240\u6b22\u8fce\u7684\u3001\u7528\u9014\u5e7f\u6cdb\u7684\u8bed\u8a00\u3002\r\n\u8bbe\u8ba1\u8005\u5f00\u53d1\u65f6\u603b\u7684\u6307\u5bfc\u601d\u60f3\u662f\uff0c\u5bf9\u4e8e\u4e00\u4e2a\u7279\u5b9a\u7684\u95ee\u9898\uff0c\u53ea\u8981\u6709\u4e00\u79cd\u6700\u597d\u7684\u65b9\u6cd5\u6765\u89e3\u51b3\u5c31\u597d\u4e86\u3002\u8fd9\u5728\u7531Tim Peters\u5199\u7684Python\u683c\u8a00\uff08\u79f0\u4e3aThe Zen of Python\uff09\u91cc\u9762\u8868\u8ff0\u4e3a\uff1aThere should be one-- and preferably only one --obvious way to do it. \u8fd9\u6b63\u597d\u548cPerl\u8bed\u8a00\uff08\u53e6\u4e00\u79cd\u529f\u80fd\u7c7b\u4f3c\u7684\u9ad8\u7ea7\u52a8\u6001\u8bed\u8a00\uff09\u7684\u4e2d\u5fc3\u601d\u60f3TMTOWTDI\uff08There's More Than One Way To Do It\uff09\u5b8c\u5168\u76f8\u53cd\u3002\r\nPython\u7684\u4f5c\u8005\u6709\u610f\u7684\u8bbe\u8ba1\u9650\u5236\u6027\u5f88\u5f3a\u7684\u8bed\u6cd5\uff0c\u4f7f\u5f97\u4e0d\u597d\u7684\u7f16\u7a0b\u4e60\u60ef\uff08\u4f8b\u5982if\u8bed\u53e5\u7684\u4e0b\u4e00\u884c\u4e0d\u5411\u53f3\u7f29\u8fdb\uff09\u90fd\u4e0d\u80fd\u901a\u8fc7\u7f16\u8bd1\u3002\u5176\u4e2d\u5f88\u91cd\u8981\u7684\u4e00\u9879\u5c31\u662fPython\u7684\u7f29\u8fdb\u89c4\u5219\u3002\r\n\u4e00\u4e2a\u548c\u5176\u4ed6\u5927\u591a\u6570\u8bed\u8a00\uff08\u5982C\uff09\u7684\u533a\u522b\u5c31\u662f\uff0c\u4e00\u4e2a\u6a21\u5757\u7684\u754c\u9650\uff0c\u5b8c\u5168\u662f\u7531\u6bcf\u884c\u7684\u9996\u5b57\u7b26\u5728\u8fd9\u4e00\u884c\u7684\u4f4d\u7f6e\u6765\u51b3\u5b9a\u7684\uff08\u800cC\u8bed\u8a00\u662f\u7528\u4e00\u5bf9\u82b1\u62ec\u53f7{}\u6765\u660e\u786e\u7684\u5b9a\u51fa\u6a21\u5757\u7684\u8fb9\u754c\u7684\uff0c\u4e0e\u5b57\u7b26\u7684\u4f4d\u7f6e\u6beb\u65e0\u5173\u7cfb\uff09\u3002\u8fd9\u4e00\u70b9\u66fe\u7ecf\u5f15\u8d77\u8fc7\u4e89\u8bae\u3002\u56e0\u4e3a\u81ea\u4eceC\u8fd9\u7c7b\u7684\u8bed\u8a00\u8bde\u751f\u540e\uff0c\u8bed\u8a00\u7684\u8bed\u6cd5\u542b\u4e49\u4e0e\u5b57\u7b26\u7684\u6392\u5217\u65b9\u5f0f\u5206\u79bb\u5f00\u6765\uff0c\u66fe\u7ecf\u88ab\u8ba4\u4e3a\u662f\u4e00\u79cd\u7a0b\u5e8f\u8bed\u8a00\u7684\u8fdb\u6b65\u3002\u4e0d\u8fc7\u4e0d\u53ef\u5426\u8ba4\u7684\u662f\uff0c\u901a\u8fc7\u5f3a\u5236\u7a0b\u5e8f\u5458\u4eec\u7f29\u8fdb\uff08\u5305\u62ecif\uff0cfor\u548c\u51fd\u6570\u5b9a\u4e49\u7b49\u6240\u6709\u9700\u8981\u4f7f\u7528\u6a21\u5757\u7684\u5730\u65b9\uff09\uff0cPython\u786e\u5b9e\u4f7f\u5f97\u7a0b\u5e8f\u66f4\u52a0\u6e05\u6670\u548c\u7f8e\u89c2\u3002", "article": 1}}, {"model": "repository.articledetail", "pk": 2, "fields": {"content": "Python\u5728\u8bbe\u8ba1\u4e0a\u575a\u6301\u4e86\u6e05\u6670\u5212\u4e00\u7684\u98ce\u683c\uff0c\u8fd9\u4f7f\u5f97Python\u6210\u4e3a\u4e00\u95e8\u6613\u8bfb\u3001\u6613\u7ef4\u62a4\uff0c\u5e76\u4e14\u88ab\u5927\u91cf\u7528\u6237\u6240\u6b22\u8fce\u7684\u3001\u7528\u9014\u5e7f\u6cdb\u7684\u8bed\u8a00\u3002\r\n\u8bbe\u8ba1\u8005\u5f00\u53d1\u65f6\u603b\u7684\u6307\u5bfc\u601d\u60f3\u662f\uff0c\u5bf9\u4e8e\u4e00\u4e2a\u7279\u5b9a\u7684\u95ee\u9898\uff0c\u53ea\u8981\u6709\u4e00\u79cd\u6700\u597d\u7684\u65b9\u6cd5\u6765\u89e3\u51b3\u5c31\u597d\u4e86\u3002\u8fd9\u5728\u7531Tim Peters\u5199\u7684Python\u683c\u8a00\uff08\u79f0\u4e3aThe Zen of Python\uff09\u91cc\u9762\u8868\u8ff0\u4e3a\uff1aThere should be one-- and preferably only one --obvious way to do it. \u8fd9\u6b63\u597d\u548cPerl\u8bed\u8a00\uff08\u53e6\u4e00\u79cd\u529f\u80fd\u7c7b\u4f3c\u7684\u9ad8\u7ea7\u52a8\u6001\u8bed\u8a00\uff09\u7684\u4e2d\u5fc3\u601d\u60f3TMTOWTDI\uff08There's More Than One Way To Do It\uff09\u5b8c\u5168\u76f8\u53cd\u3002\r\nPython\u7684\u4f5c\u8005\u6709\u610f\u7684\u8bbe\u8ba1\u9650\u5236\u6027\u5f88\u5f3a\u7684\u8bed\u6cd5\uff0c\u4f7f\u5f97\u4e0d\u597d\u7684\u7f16\u7a0b\u4e60\u60ef\uff08\u4f8b\u5982if\u8bed\u53e5\u7684\u4e0b\u4e00\u884c\u4e0d\u5411\u53f3\u7f29\u8fdb\uff09\u90fd\u4e0d\u80fd\u901a\u8fc7\u7f16\u8bd1\u3002\u5176\u4e2d\u5f88\u91cd\u8981\u7684\u4e00\u9879\u5c31\u662fPython\u7684\u7f29\u8fdb\u89c4\u5219\u3002\r\n\u4e00\u4e2a\u548c\u5176\u4ed6\u5927\u591a\u6570\u8bed\u8a00\uff08\u5982C\uff09\u7684\u533a\u522b\u5c31\u662f\uff0c\u4e00\u4e2a\u6a21\u5757\u7684\u754c\u9650\uff0c\u5b8c\u5168\u662f\u7531\u6bcf\u884c\u7684\u9996\u5b57\u7b26\u5728\u8fd9\u4e00\u884c\u7684\u4f4d\u7f6e\u6765\u51b3\u5b9a\u7684\uff08\u800cC\u8bed\u8a00\u662f\u7528\u4e00\u5bf9\u82b1\u62ec\u53f7{}\u6765\u660e\u786e\u7684\u5b9a\u51fa\u6a21\u5757\u7684\u8fb9\u754c\u7684\uff0c\u4e0e\u5b57\u7b26\u7684\u4f4d\u7f6e\u6beb\u65e0\u5173\u7cfb\uff09\u3002\u8fd9\u4e00\u70b9\u66fe\u7ecf\u5f15\u8d77\u8fc7\u4e89\u8bae\u3002\u56e0\u4e3a\u81ea\u4eceC\u8fd9\u7c7b\u7684\u8bed\u8a00\u8bde\u751f\u540e\uff0c\u8bed\u8a00\u7684\u8bed\u6cd5\u542b\u4e49\u4e0e\u5b57\u7b26\u7684\u6392\u5217\u65b9\u5f0f\u5206\u79bb\u5f00\u6765\uff0c\u66fe\u7ecf\u88ab\u8ba4\u4e3a\u662f\u4e00\u79cd\u7a0b\u5e8f\u8bed\u8a00\u7684\u8fdb\u6b65\u3002\u4e0d\u8fc7\u4e0d\u53ef\u5426\u8ba4\u7684\u662f\uff0c\u901a\u8fc7\u5f3a\u5236\u7a0b\u5e8f\u5458\u4eec\u7f29\u8fdb\uff08\u5305\u62ecif\uff0cfor\u548c\u51fd\u6570\u5b9a\u4e49\u7b49\u6240\u6709\u9700\u8981\u4f7f\u7528\u6a21\u5757\u7684\u5730\u65b9\uff09\uff0cPython\u786e\u5b9e\u4f7f\u5f97\u7a0b\u5e8f\u66f4\u52a0\u6e05\u6670\u548c\u7f8e\u89c2\u3002", "article": 2}}, {"model": "repository.articledetail", "pk": 3, "fields": {"content": "Python\u5728\u8bbe\u8ba1\u4e0a\u575a\u6301\u4e86\u6e05\u6670\u5212\u4e00\u7684\u98ce\u683c\uff0c\u8fd9\u4f7f\u5f97Python\u6210\u4e3a\u4e00\u95e8\u6613\u8bfb\u3001\u6613\u7ef4\u62a4\uff0c\u5e76\u4e14\u88ab\u5927\u91cf\u7528\u6237\u6240\u6b22\u8fce\u7684\u3001\u7528\u9014\u5e7f\u6cdb\u7684\u8bed\u8a00\u3002\r\n\u8bbe\u8ba1\u8005\u5f00\u53d1\u65f6\u603b\u7684\u6307\u5bfc\u601d\u60f3\u662f\uff0c\u5bf9\u4e8e\u4e00\u4e2a\u7279\u5b9a\u7684\u95ee\u9898\uff0c\u53ea\u8981\u6709\u4e00\u79cd\u6700\u597d\u7684\u65b9\u6cd5\u6765\u89e3\u51b3\u5c31\u597d\u4e86\u3002\u8fd9\u5728\u7531Tim Peters\u5199\u7684Python\u683c\u8a00\uff08\u79f0\u4e3aThe Zen of Python\uff09\u91cc\u9762\u8868\u8ff0\u4e3a\uff1aThere should be one-- and preferably only one --obvious way to do it. \u8fd9\u6b63\u597d\u548cPerl\u8bed\u8a00\uff08\u53e6\u4e00\u79cd\u529f\u80fd\u7c7b\u4f3c\u7684\u9ad8\u7ea7\u52a8\u6001\u8bed\u8a00\uff09\u7684\u4e2d\u5fc3\u601d\u60f3TMTOWTDI\uff08There's More Than One Way To Do It\uff09\u5b8c\u5168\u76f8\u53cd\u3002\r\nPython\u7684\u4f5c\u8005\u6709\u610f\u7684\u8bbe\u8ba1\u9650\u5236\u6027\u5f88\u5f3a\u7684\u8bed\u6cd5\uff0c\u4f7f\u5f97\u4e0d\u597d\u7684\u7f16\u7a0b\u4e60\u60ef\uff08\u4f8b\u5982if\u8bed\u53e5\u7684\u4e0b\u4e00\u884c\u4e0d\u5411\u53f3\u7f29\u8fdb\uff09\u90fd\u4e0d\u80fd\u901a\u8fc7\u7f16\u8bd1\u3002\u5176\u4e2d\u5f88\u91cd\u8981\u7684\u4e00\u9879\u5c31\u662fPython\u7684\u7f29\u8fdb\u89c4\u5219\u3002\r\n\u4e00\u4e2a\u548c\u5176\u4ed6\u5927\u591a\u6570\u8bed\u8a00\uff08\u5982C\uff09\u7684\u533a\u522b\u5c31\u662f\uff0c\u4e00\u4e2a\u6a21\u5757\u7684\u754c\u9650\uff0c\u5b8c\u5168\u662f\u7531\u6bcf\u884c\u7684\u9996\u5b57\u7b26\u5728\u8fd9\u4e00\u884c\u7684\u4f4d\u7f6e\u6765\u51b3\u5b9a\u7684\uff08\u800cC\u8bed\u8a00\u662f\u7528\u4e00\u5bf9\u82b1\u62ec\u53f7{}\u6765\u660e\u786e\u7684\u5b9a\u51fa\u6a21\u5757\u7684\u8fb9\u754c\u7684\uff0c\u4e0e\u5b57\u7b26\u7684\u4f4d\u7f6e\u6beb\u65e0\u5173\u7cfb\uff09\u3002\u8fd9\u4e00\u70b9\u66fe\u7ecf\u5f15\u8d77\u8fc7\u4e89\u8bae\u3002\u56e0\u4e3a\u81ea\u4eceC\u8fd9\u7c7b\u7684\u8bed\u8a00\u8bde\u751f\u540e\uff0c\u8bed\u8a00\u7684\u8bed\u6cd5\u542b\u4e49\u4e0e\u5b57\u7b26\u7684\u6392\u5217\u65b9\u5f0f\u5206\u79bb\u5f00\u6765\uff0c\u66fe\u7ecf\u88ab\u8ba4\u4e3a\u662f\u4e00\u79cd\u7a0b\u5e8f\u8bed\u8a00\u7684\u8fdb\u6b65\u3002\u4e0d\u8fc7\u4e0d\u53ef\u5426\u8ba4\u7684\u662f\uff0c\u901a\u8fc7\u5f3a\u5236\u7a0b\u5e8f\u5458\u4eec\u7f29\u8fdb\uff08\u5305\u62ecif\uff0cfor\u548c\u51fd\u6570\u5b9a\u4e49\u7b49\u6240\u6709\u9700\u8981\u4f7f\u7528\u6a21\u5757\u7684\u5730\u65b9\uff09\uff0cPython\u786e\u5b9e\u4f7f\u5f97\u7a0b\u5e8f\u66f4\u52a0\u6e05\u6670\u548c\u7f8e\u89c2\u3002", "article": 3}}, {"model": "repository.articledetail", "pk": 4, "fields": {"content": "Python\u5728\u8bbe\u8ba1\u4e0a\u575a\u6301\u4e86\u6e05\u6670\u5212\u4e00\u7684\u98ce\u683c\uff0c\u8fd9\u4f7f\u5f97Python\u6210\u4e3a\u4e00\u95e8\u6613\u8bfb\u3001\u6613\u7ef4\u62a4\uff0c\u5e76\u4e14\u88ab\u5927\u91cf\u7528\u6237\u6240\u6b22\u8fce\u7684\u3001\u7528\u9014\u5e7f\u6cdb\u7684\u8bed\u8a00\u3002\r\n\u8bbe\u8ba1\u8005\u5f00\u53d1\u65f6\u603b\u7684\u6307\u5bfc\u601d\u60f3\u662f\uff0c\u5bf9\u4e8e\u4e00\u4e2a\u7279\u5b9a\u7684\u95ee\u9898\uff0c\u53ea\u8981\u6709\u4e00\u79cd\u6700\u597d\u7684\u65b9\u6cd5\u6765\u89e3\u51b3\u5c31\u597d\u4e86\u3002\u8fd9\u5728\u7531Tim Peters\u5199\u7684Python\u683c\u8a00\uff08\u79f0\u4e3aThe Zen of Python\uff09\u91cc\u9762\u8868\u8ff0\u4e3a\uff1aThere should be one-- and preferably only one --obvious way to do it. \u8fd9\u6b63\u597d\u548cPerl\u8bed\u8a00\uff08\u53e6\u4e00\u79cd\u529f\u80fd\u7c7b\u4f3c\u7684\u9ad8\u7ea7\u52a8\u6001\u8bed\u8a00\uff09\u7684\u4e2d\u5fc3\u601d\u60f3TMTOWTDI\uff08There's More Than One Way To Do It\uff09\u5b8c\u5168\u76f8\u53cd\u3002\r\nPython\u7684\u4f5c\u8005\u6709\u610f\u7684\u8bbe\u8ba1\u9650\u5236\u6027\u5f88\u5f3a\u7684\u8bed\u6cd5\uff0c\u4f7f\u5f97\u4e0d\u597d\u7684\u7f16\u7a0b\u4e60\u60ef\uff08\u4f8b\u5982if\u8bed\u53e5\u7684\u4e0b\u4e00\u884c\u4e0d\u5411\u53f3\u7f29\u8fdb\uff09\u90fd\u4e0d\u80fd\u901a\u8fc7\u7f16\u8bd1\u3002\u5176\u4e2d\u5f88\u91cd\u8981\u7684\u4e00\u9879\u5c31\u662fPython\u7684\u7f29\u8fdb\u89c4\u5219\u3002\r\n\u4e00\u4e2a\u548c\u5176\u4ed6\u5927\u591a\u6570\u8bed\u8a00\uff08\u5982C\uff09\u7684\u533a\u522b\u5c31\u662f\uff0c\u4e00\u4e2a\u6a21\u5757\u7684\u754c\u9650\uff0c\u5b8c\u5168\u662f\u7531\u6bcf\u884c\u7684\u9996\u5b57\u7b26\u5728\u8fd9\u4e00\u884c\u7684\u4f4d\u7f6e\u6765\u51b3\u5b9a\u7684\uff08\u800cC\u8bed\u8a00\u662f\u7528\u4e00\u5bf9\u82b1\u62ec\u53f7{}\u6765\u660e\u786e\u7684\u5b9a\u51fa\u6a21\u5757\u7684\u8fb9\u754c\u7684\uff0c\u4e0e\u5b57\u7b26\u7684\u4f4d\u7f6e\u6beb\u65e0\u5173\u7cfb\uff09\u3002\u8fd9\u4e00\u70b9\u66fe\u7ecf\u5f15\u8d77\u8fc7\u4e89\u8bae\u3002\u56e0\u4e3a\u81ea\u4eceC\u8fd9\u7c7b\u7684\u8bed\u8a00\u8bde\u751f\u540e\uff0c\u8bed\u8a00\u7684\u8bed\u6cd5\u542b\u4e49\u4e0e\u5b57\u7b26\u7684\u6392\u5217\u65b9\u5f0f\u5206\u79bb\u5f00\u6765\uff0c\u66fe\u7ecf\u88ab\u8ba4\u4e3a\u662f\u4e00\u79cd\u7a0b\u5e8f\u8bed\u8a00\u7684\u8fdb\u6b65\u3002\u4e0d\u8fc7\u4e0d\u53ef\u5426\u8ba4\u7684\u662f\uff0c\u901a\u8fc7\u5f3a\u5236\u7a0b\u5e8f\u5458\u4eec\u7f29\u8fdb\uff08\u5305\u62ecif\uff0cfor\u548c\u51fd\u6570\u5b9a\u4e49\u7b49\u6240\u6709\u9700\u8981\u4f7f\u7528\u6a21\u5757\u7684\u5730\u65b9\uff09\uff0cPython\u786e\u5b9e\u4f7f\u5f97\u7a0b\u5e8f\u66f4\u52a0\u6e05\u6670\u548c\u7f8e\u89c2", "article": 4}}, {"model": "repository.articledetail", "pk": 6, "fields": {"content": "\u6709\u4e9b\u719f\u6089Visual Basic\u8bed\u8a00\u7684\u8bfb\u8005\u4f1a\u89c9\u5f97Java\u8bed\u8a00\u76f8\u5bf9VB\u800c\u8a00\u66f4\u590d\u6742\uff0c\u7684\u786e\u4f7f\u7528Java\u7f16\u7a0b\u662f\u6bd4\u4f7f\u7528VB\u66f4\u8d39\u529b\u4e00\u4e9b\u3002\u4f46\u5927\u5bb6\u4e00\u5b9a\u8981\u77e5\u9053VB\u662f\u4e00\u79cd\u96c6\u6210\u5316\u5f00\u53d1\u5de5\u5177\uff0c\u5176\u51ed\u501f\u53ef\u89c6\u5316\u5de5\u5177\u6210\u4e3a\u5f00\u53d1GUI\u7a0b\u5e8f\u7684\u795e\u5668\uff0c\u4f46\u5176\u5e76\u4e0d\u80fd\u7b97\u662f\u4e00\u79cd\u8bed\u8a00\u3002\u5b83\u7684\u57fa\u7840\u662fBasic\u8bed\u8a00\uff0c\u8fd9\u662f\u4e00\u79cd\u6700\u7b80\u5355\u7684\u8bed\u8a00\uff0c\u4f46\u5176\u529f\u80fd\u4e0d\u5982C\u3001C++\u3001Java\u8fd9\u6837\u5b8c\u6574<br />", "article": 6}}, {"model": "repository.articledetail", "pk": 7, "fields": {"content": "\u6709\u4e9b\u719f\u6089Visual Basic\u8bed\u8a00\u7684\u8bfb\u8005\u4f1a\u89c9\u5f97Java\u8bed\u8a00\u76f8\u5bf9VB\u800c\u8a00\u66f4\u590d\u6742\uff0c\u7684\u786e\u4f7f\u7528Java\u7f16\u7a0b\u662f\u6bd4\u4f7f\u7528VB\u66f4\u8d39\u529b\u4e00\u4e9b\u3002\u4f46\u5927\u5bb6\u4e00\u5b9a\u8981\u77e5\u9053VB\u662f\u4e00\u79cd\u96c6\u6210\u5316\u5f00\u53d1\u5de5\u5177\uff0c\u5176\u51ed\u501f\u53ef\u89c6\u5316\u5de5\u5177\u6210\u4e3a\u5f00\u53d1GUI\u7a0b\u5e8f\u7684\u795e\u5668\uff0c\u4f46\u5176\u5e76\u4e0d\u80fd\u7b97\u662f\u4e00\u79cd\u8bed\u8a00\u3002\u5b83\u7684\u57fa\u7840\u662fBasic\u8bed\u8a00\uff0c\u8fd9\u662f\u4e00\u79cd\u6700\u7b80\u5355\u7684\u8bed\u8a00\uff0c\u4f46\u5176\u529f\u80fd\u4e0d\u5982C\u3001C++\u3001Java\u8fd9\u6837\u5b8c\u6574<br />", "article": 7}}, {"model": "repository.articledetail", "pk": 12, "fields": {"content": "R\u662f\u7528\u4e8e\u7edf\u8ba1\u5206\u6790\u3001\u7ed8\u56fe\u7684\u8bed\u8a00\u548c\u64cd\u4f5c\u73af\u5883\uff0c\u5c5e\u4e8eGNU\u7cfb\u7edf\u7684\u4e00\u4e2a\u81ea\u7531\u3001\u514d\u8d39\u3001\u6e90\u4ee3\u7801\u5f00\u653e\u7684\u8f6f\u4ef6\uff0c\u5b83\u662f\u4e00\u4e2a\u7528\u4e8e\u7edf\u8ba1\u8ba1\u7b97\u548c\u7edf\u8ba1\u5236\u56fe\u7684\u4f18\u79c0\u5de5\u5177\u3002R\u8bed\u8a00\u8bed\u6cd5\u901a\u4fd7\u6613\u61c2,\u5f88\u5bb9\u6613\u5b66\u4f1a\u548c\u638c\u63e1\u8bed\u8a00\u7684\u8bed\u6cd5\u3002\u800c\u4e14\u5b66\u4f1a\u4e4b\u540e,\u6211\u4eec\u53ef\u4ee5\u7f16\u5236\u81ea\u5df1\u7684\u51fd\u6570\u6765\u6269\u5c55\u73b0\u6709\u7684\u8bed\u8a00\u3002\u8fd9\u4e5f\u5c31\u662f\u4e3a\u4ec0\u4e48\u5b83\u7684\u66f4\u65b0\u901f\u5ea6\u6bd4\u4e00\u822c\u7edf\u8ba1\u8f6f\u4ef6,\u5982SPSS\u3001SAS\u7b49\u5feb\u5f97\u591a\u3002\u5927\u591a\u6570\u6700\u65b0\u7684\u7edf\u8ba1\u65b9\u6cd5\u548c\u6280\u672f\u90fd\u53ef\u4ee5\u5728R\u4e2d\u76f4\u63a5\u5f97\u5230\u3002\u4f5c\u4e3a\u5f53\u524d\u5728\u4e16\u754c\u8303\u56f4\u5185\u6700\u53d7\u6b22\u8fce\u7684\u6570\u636e\u6316\u6398\u5f00\u53d1\u8bed\u8a00\u2014\u2014R\u8bed\u8a00\u4ee5\u5176\u7279\u6709\u7684\u5f00\u653e\u6027\u3001\u9ad8\u53ef\u6269\u5c55\u6027\u4ee5\u53ca\u9876\u5c16\u7684\u5236\u56fe\u529f\u80fd\u5438\u5f15\u4e86\u8d8a\u6765\u8d8a\u591a\u7684\u6570\u636e\u5206\u6790\u7231\u597d\u8005\u3002<br />", "article": 16}}, {"model": "repository.articledetail", "pk": 13, "fields": {"content": "1991\u5e748\u6708bai,\u82ac\u5170\u7684\u4e00\u4e2a\u5b66\u751f\u5728comp.os.minix\u65b0\u95fb\u7ec4\u8d34\u4e0a\u4e86\u4ee5\u4e0b\u8fd9du\u6bb5\u8bdd:\u4f60\u597d\u6240\u6709\u4f7f\u7528zhiminix\u7684\u4eba -\u6211\u6b63\u5728\u4e3a386(486)AT\u505a\u4e00\u4e2a\u514d\u8d39\u7684\u64cd\u4f5c\u7cfbdao\u7edf(\u53ea\u662f\u4e3a\u4e86\u7231\u597d,\u4e0d\u4f1a\u8c61gnu\u90a3\u6837\u5f88\u5927\u5f88\u4e13\u4e1a.\u8fd9\u540d\u5b66\u751f\u5c31\u662fLinus Torvalds, \u800c\u4ed6\u6240\u8bf4\u7684'\u7231\u597d'\u5c31\u53d8\u6210\u6211\u4eec\u4eca\u5929\u77e5\u9053\u7684Linux.\u4f5c\u4e3a\u4e00\u4e2a\u5177\u5907\u6240\u6709\u7279\u6027\u7684\u7c7b\u4f3cPOSIX\u7684\u64cd\u4f5c\u7cfb\u7edf, Linux\u5e76\u975e\u4ec5\u7531Linus\u4e00\u4eba\u5f00\u53d1, \u800c\u662f\u7531\u5168\u4e16\u754c\u51e0\u767e\u4e2a\u7a0b\u5e8f\u5458\u5171\u540c\u5f00\u53d1\u7684. \u6709\u8da3\u7684\u662f\u8fd9\u4e2a\u5de8\u5927\u7684\u5168\u4e16\u754c\u7684\u5f00\u53d1\u6d3b\u52a8\u4e0d\u662f \u5f88\u534f\u8c03. \u5f53\u7136, Linus\u4e3a\u5185\u6838\u5b9a\u4e86\u8c03\u5b50, \u4f46Linux\u5e76\u4e0d\u53ea\u662f\u5185\u6838. \u6ca1\u6709\u4e00\u4e2a\u7ba1\u7406\u7ec4\u7ec7; \u4e00\u4e2a\u4fc4\u7f57\u65af\u5b66\u751f\u5f97\u5230\u4e00\u5757\u65b0\u7684\u4e3b\u677f, \u5c31\u5199\u4e86\u9a71\u52a8\u7a0b\u5e8f\u652f\u6301\u8fd9\u5757\u4e3b\u677f. \u9a6c\u91cc\u5170\u7684\u4e00\u4e2a\u7cfb \u7edf\u7ba1\u7406\u5458\u9700\u8981\u5907\u4efd\u8f6f\u4ef6, \u5c31\u5199\u4e00\u4e2a, \u5e76\u628a\u5b83\u4f20\u7ed9\u4efb\u4f55\u9700\u8981\u7684\u4eba. \u597d\u8c61\u603b\u662f\u5728\u6b63\u786e\u7684\u65f6 \u95f4\u53d1\u751f\u6b63\u786e\u7684\u4e8b.\u53e6\u4e00\u4e2a\u6709\u8da3\u7684\u4e8b\u662f\u4f60\u53ef\u4e0d\u82b1\u94b1\u5c31\u5f97\u5230Linux. \u4f60\u53ea\u8981\u6709\u65f6\u95f4\u5e76\u613f\u610f\u4e0b\u8f7d, \u4f60\u5c31\u53ef\u4ee5 \u514d\u8d39\u5f97\u5230\u5927\u591a\u6570\u8f6f\u4ef6. \u4f46\u5e76\u4e0d\u662f\u6240\u6709\u4eba\u90fd\u6709\u65f6\u95f4...\u4ec0\u4e48\u662fRed Hat Linux?\u5728\u5317\u5361\u7f57\u6765\u6709\u4e00\u5c0f\u7ec4\u7a0b\u5e8f\u5458, \u4ed6\u4eec\u7684\u76ee\u6807\u662f\u8ba9\u4eba\u4eec\u66f4\u65b9\u4fbf\u5730\u4f7f\u7528Linux. \u5c31\u8c61\u8bb8\u591a \u5176\u4ed6\u8fd9\u6837\u7684\u5c0f\u7ec4\u4e00\u6837, \u4ed6\u4eec\u5c06\u6240\u6709\u5fc5\u9700\u7684\u8f6f\u4ef6\u6346\u5728\u4e00\u8d77\u5f62\u6210\u4e00\u4e2a\u53d1\u884c\u7248\u672c(distribution).\u7136\u800c,\u4e8e\u5176\u4ed6\u53d1\u884c\u7248\u672c\u6709\u6240\u4e0d\u540c. \u4e0d\u662f\u5728\u786c\u76d8\u4e0a\u5f62\u6210\u4e00\u4e2aLinux\u62f7\u8d1d, \u4e5f\u4e0d\u662f\u5c06\u64cd\u4f5c \u7cfb\u7edf\u7684\u5404\u90e8\u5206\u505a\u6210\u4e00\u7cfb\u5217\u8f6f\u76d8, \u8fd9\u4e2a\u53d1\u884c\u7248\u672c\u662f\u57fa\u4e8e\u5305(package).\u6bcf\u4e2a\u5305\u63d0\u4f9b\u4e86\u4e00\u4e2a\u5145\u5206\u6d4b\u8bd5\u7684, \u5df2\u7ecf\u914d\u7f6e\u597d\u7684, \u968f\u65f6\u53ef\u8fd0\u884c\u7684\u8f6f\u4ef6. \u60f3\u8bd5\u4e00\u4e0b\u65b0\u7684 \u7f16\u8f91\u5668\u5417? \u4e0b\u8f7d\u5e76\u5b89\u88c5\u5b83. \u51e0\u79d2\u949f\u4e4b\u5185, \u60a8\u5c31\u53ef\u4ee5\u8bd5\u4e86. \u4e0d\u559c\u6b22\u5b83\u5417? \u4e00\u4e2a\u7b80\u5355\u7684\u547d\u4ee4 \u5c31\u53ef\u5220\u9664\u8fd9\u4e2a\u5305.\u5982\u679c\u90a3\u5c31\u662f\u6240\u6709\u7684\u8bdd, \u8fd9\u4e2a\u53d1\u884c\u7248\u672c\u5c31\u5df2\u7ecf\u76f8\u5f53\u597d\u4e86. \u4f46\u662f\u57fa\u4e8e\u5305\u610f\u5473\u7740\u53e6\u5916\u4e00\u4e2a \u4f18\u70b9:\u8fd9\u4e2aLinux\u53d1\u884c\u7248\u672c\u4f1a\u5f88\u5bb9\u6613\u5347\u7ea7.Linux\u4e16\u754c\u7684\u8f6f\u4ef6\u5f00\u53d1\u662f\u5feb\u901f\u7684, \u6240\u4ee5\u65e7\u7684\u8f6f\u4ef6\u4e0d\u65ad\u6709\u65b0\u7684\u7248\u672c\u51fa\u73b0. \u4f7f\u7528\u5176\u4ed6\u53d1 \u884c\u7248\u672c\u8fdb\u884c\u5347\u7ea7\u662f\u75db\u82e6\u7684 -- \u4e00\u4e2a\u5b8c\u5168\u7684\u5347\u7ea7\u5f80\u5f80\u610f\u5473\u7740\u5220\u9664\u786c\u76d8\u4e0a\u7684\u6240\u6709\u4e1c\u897f\u7136\u540e \u91cd\u65b0\u5f00\u59cb.", "article": 17}}, {"model": "repository.articledetail", "pk": 14, "fields": {"content": "OpenStack\u662f\u4e00\u4e2a\u65e8\u5728\u4e3a\u516c\u5171\u53ca\u79c1\u6709\u4e91\u7684\u5efa\u8bbe\u4e0e\u7ba1\u7406\u63d0\u4f9b\u8f6f\u4ef6\u7684\u5f00\u6e90\u9879\u76ee\u3002\u5b83\u7684\u793e\u533a\u62e5\u6709\u8d85\u8fc7130\u5bb6\u4f01\u4e1a\u53ca1350\u4f4d\u5f00\u53d1\u8005\uff0c\u8fd9\u4e9b\u673a\u6784\u4e0e\u4e2a\u4eba\u90fd\u5c06OpenStack\u4f5c\u4e3a\u57fa\u7840\u8bbe\u65bd\u5373\u670d\u52a1\uff08IaaS\uff09\u8d44\u6e90\u7684\u901a\u7528\u524d\u7aef\u3002OpenStack\u9879\u76ee\u7684\u9996\u8981\u4efb\u52a1\u662f\u7b80\u5316\u4e91\u7684\u90e8\u7f72\u8fc7\u7a0b\u5e76\u4e3a\u5176\u5e26\u6765\u826f\u597d\u7684\u53ef\u6269\u5c55\u6027\u3002\u672c\u6587\u5e0c\u671b\u901a\u8fc7\u63d0\u4f9b\u5fc5\u8981\u7684\u6307\u5bfc\u4fe1\u606f\uff0c\u5e2e\u52a9\u5927\u5bb6\u5229\u7528OpenStack\u524d\u7aef\u6765\u8bbe\u7f6e\u53ca\u7ba1\u7406\u81ea\u5df1\u7684\u516c\u5171\u4e91\u6216\u79c1\u6709\u4e91\u3002OpenStack\u4e91\u8ba1\u7b97\u5e73\u53f0\uff0c\u5e2e\u52a9\u670d\u52a1\u5546\u548c\u4f01\u4e1a\u5185\u90e8\u5b9e\u73b0\u7c7b\u4f3c\u4e8e Amazon EC2 \u548c S3 \u7684\u4e91\u57fa\u7840\u67b6\u6784\u670d\u52a1(Infrastructure as a Service, IaaS)\u3002OpenStack \u5305\u542b\u4e24\u4e2a\u4e3b\u8981\u6a21\u5757\uff1aNova \u548c Swift\uff0c\u524d\u8005\u662f NASA \u5f00\u53d1\u7684\u865a\u62df\u670d\u52a1\u5668\u90e8\u7f72\u548c\u4e1a\u52a1\u8ba1\u7b97\u6a21\u5757\uff1b\u540e\u8005\u662f Rackspace\u5f00\u53d1\u7684\u5206\u5e03\u5f0f\u4e91\u5b58\u50a8\u6a21\u5757\uff0c\u4e24\u8005\u53ef\u4ee5\u4e00\u8d77\u7528\uff0c\u4e5f\u53ef\u4ee5\u5206\u5f00\u5355\u72ec\u7528\u3002OpenStack\u9664\u4e86\u6709 Rackspace \u548c NASA \u7684\u5927\u529b\u652f\u6301\u5916\uff0c\u8fd8\u6709\u5305\u62ec Dell\u3001Citrix\u3001 Cisco\u3001 Canonical\u7b49\u91cd\u91cf\u7ea7\u516c\u53f8\u7684\u8d21\u732e\u548c\u652f\u6301\uff0c\u53d1\u5c55\u901f\u5ea6\u975e\u5e38\u5feb\uff0c\u6709\u53d6\u4ee3\u53e6\u4e00\u4e2a\u4e1a\u754c\u9886\u5148\u5f00\u6e90\u4e91\u5e73\u53f0 Eucalyptus \u7684\u6001\u52bf", "article": 18}}, {"model": "repository.articledetail", "pk": 15, "fields": {"content": "1.\u5b66\u4e60\u66f2\u7ebf\u5bb9\u6613 Go\u8bed\u8a00\u8bed\u6cd5\u7b80\u5355,\u5305\u542b\u4e86\u7c7bC\u8bed\u6cd5\u3002\u56e0\u4e3aGo\u8bed\u8a00\u5bb9\u6613\u5b66\u4e60,\u6240\u4ee5\u4e00\u4e2a\u666e\u901a\u7684\u5927\u5b66...\r\n2.\u6548\u7387:\u5feb\u901f\u7684\u7f16\u8bd1\u65f6\u95f4,\u5f00\u53d1\u6548\u7387\u548c\u8fd0\u884c\u6548\u7387\u9ad8 \u5f00\u53d1\u8fc7\u7a0b\u4e2d\u76f8\u8f83\u4e8e Java \u548c C++\u5446\u6ede\u7684...\r\n3.\u51fa\u8eab\u540d\u95e8\u3001\u8840\u7edf\u7eaf\u6b63 \u4e4b\u6240\u4ee5\u8bf4Go\u51fa\u8eab\u540d\u95e8,\u4eceGo\u8bed\u8a00\u7684\u521b\u9020\u8005\u5c31\u53ef\u89c1\u7aef\u502a,Go\u8bed\u8a00\u7edd\u5bf9\u8840\u7edf...\r\n4.\u81ea\u7531\u9ad8\u6548:\u7ec4\u5408\u7684\u601d\u60f3\u3001\u65e0\u4fb5\u5165\u5f0f\u7684\u63a5\u53e3 Go\u8bed\u8a00\u53ef\u4ee5\u8bf4\u662f\u5f00\u53d1\u6548\u7387\u548c\u8fd0\u884c\u6548\u7387\u4e8c\u8005\u7684\u5b8c\u7f8e\u878d\u5408...\r\n5.\u5f3a\u5927\u7684\u6807\u51c6\u5e93 \u8fd9\u5305\u62ec\u4e92\u8054\u7f51\u5e94\u7528\u3001\u7cfb\u7edf\u7f16\u7a0b\u548c\u7f51\u7edc\u7f16\u7a0b\u3002Go\u91cc\u9762\u7684\u6807\u51c6\u5e93\u57fa\u672c\u4e0a\u5df2\u7ecf\u662f\u975e\u5e38\u7a33\u5b9a...", "article": 19}}, {"model": "repository.articledetail", "pk": 16, "fields": {"content": "\u8fd0\u7ef4,\u8fd0\u7ef4\uff0c\u8fd9\u91cc\u6307\u4e92\u8054\u7f51\u8fd0\u7ef4\uff0c\u901a\u5e38\u5c5e\u4e8e\u6280\u672f\u90e8\u95e8\uff0c\u4e0e\u7814\u53d1\u3001\u6d4b\u8bd5\u3001\u7cfb\u7edf\u7ba1\u7406\u540c\u4e3a\u4e92\u8054\u7f51\u4ea7\u54c1\u6280\u672f\u652f\u6491\u76844\u5927\u90e8\u95e8\uff0c\u8fd9\u4e2a\u5212\u5206\u5728\u56fd\u5185\u548c\u56fd\u5916\u4ee5\u53ca\u5927\u5c0f\u516c\u53f8\u95f4\u90fd\u4f1a\u591a\u5c11\u6709\u4e00\u4e9b\u4e0d\u540c\u3002\u4e00\u4e2a\u4e92\u8054\u7f51\u4ea7\u54c1\u7684\u751f\u6210\u4e00\u822c\u7ecf\u5386\u7684\u8fc7\u7a0b\u662f:\u4ea7\u54c1\u7ecf\u7406\u3001\u9700\u6c42\u5206\u6790\u3001\u7814\u53d1\u90e8\u95e8\u5f00\u53d1\u3001\u6d4b\u8bd5\u90e8\u95e8\u6d4b\u8bd5\u3001\u8fd0\u7ef4\u90e8\u95e8\u90e8\u7f72\u53d1\u5e03\u4ee5\u53ca\u957f\u671f ...", "article": 20}}, {"model": "repository.article", "pk": 1, "fields": {"title": "Linux\u706b\u70ed\u5f00\u73ed", "summary": "Linux\uff0c\u5168\u79f0GNU/Linux\uff0c\u662f\u4e00\u5957\u514d\u8d39\u4f7f\u7528\u548c\u81ea\u7531\u4f20\u64ad\u7684\u7c7bUNIX\u64cd\u4f5c\u7cfb\u7edf\uff0c\u5176\u5185\u6838\u7531\u6797\u7eb3\u65af\u00b7\u672c\u7eb3\u7b2c\u514b\u7279\u00b7\u6258\u74e6\u5179\u4e8e1991\u5e74\u7b2c\u4e00\u6b21\u91ca\u51fa\uff0c\u5b83\u4e3b\u8981\u53d7\u5230Minix\u548cUnix\u601d\u60f3\u7684\u542f\u53d1\uff0c\u662f\u4e00\u4e2a\u57fa\u4e8ePOSIX\u548cUnix\u7684\u591a\u7528\u6237\u3001\u591a\u4efb\u52a1\u3001\u652f\u6301\u591a\u7ebf\u7a0b\u548c\u591aCPU\u7684\u64cd\u4f5c\u7cfb\u7edf", "read_count": 0, "comment_count": 1, "up_count": 66, "down_count": 6, "create_time": "2020-02-14T09:35:27.885Z", "blog": 1, "category": 1, "article_type_id": 2}}, {"model": "repository.article", "pk": 2, "fields": {"title": "Python \u5168\u6808\u5f00\u53d1", "summary": "\u5168\u6808\u5f00\u53d1\u5de5\u7a0b\u5e08\u9700\u8981\u638c\u63e1\u7684\u77e5\u8bc6\u5305\u62ec\uff1a\u540e\u7aef\u5f00\u53d1\u3001\u524d\u7aef\u5f00\u53d1\u3001\u754c\u9762\u8bbe\u8ba1\u3001\u4ea7\u54c1\u8bbe\u8ba1\u3001\u6570\u636e\u5e93\u3001\u5404\u79cd\u79fb\u52a8\u5ba2\u6237\u7aef\u3001\u4e09\u5c4f\u517c\u5bb9\u3001restFul API\u8bbe\u8ba1\u548cOAuth\u7b49\u7b49\uff0c\u6bd4\u8f83\u524d\u536b\u7684\u9879\u76ee\uff0c\u8fd8\u9700\u8981\u638c\u63e1Single Page Application\u3001Web Socket\u3001HTML5/CSS3\u8fd9\u4e9b\u6280\u672f\u4ee5\u53ca\u50cf\u7b2c\u4e09\u65b9\u5f00\u53d1\u50cf\u5fae\u4fe1\u516c\u4f17\u53f7\u5fae\u535a\u5e94\u7528\u7b49\u7b49\u3002", "read_count": 0, "comment_count": 1, "up_count": 666, "down_count": 38, "create_time": "2020-02-14T09:37:14.128Z", "blog": 1, "category": 2, "article_type_id": 1}}, {"model": "repository.article", "pk": 3, "fields": {"title": "web\u524d\u7aef\u5f00\u53d1", "summary": "\u524d\u7aef\u5f00\u53d1\u662f\u521b\u5efaWeb\u9875\u9762\u6216app\u7b49\u524d\u7aef\u754c\u9762\u5448\u73b0\u7ed9\u7528\u6237\u7684\u8fc7\u7a0b\uff0c\u901a\u8fc7HTML\uff0cCSS\u53caJavaScript\u4ee5\u53ca\u884d\u751f\u51fa\u6765\u7684\u5404\u79cd\u6280\u672f\u3001\u6846\u67b6\u3001\u89e3\u51b3\u65b9\u6848\uff0c\u6765\u5b9e\u73b0\u4e92\u8054\u7f51\u4ea7\u54c1\u7684\u7528\u6237\u754c\u9762\u4ea4\u4e92", "read_count": 0, "comment_count": 0, "up_count": 3, "down_count": 0, "create_time": "2020-02-14T09:39:02.718Z", "blog": 1, "category": 5, "article_type_id": 1}}, {"model": "repository.article", "pk": 4, "fields": {"title": "Mysql\u6570\u636e\u5e93", "summary": "MySQL\u662f\u4e00\u4e2a\u5173\u7cfb\u578b\u6570\u636e\u5e93\u7ba1\u7406\u7cfb\u7edf\uff0c\u7531\u745e\u5178MySQL AB \u516c\u53f8\u5f00\u53d1\uff0c\u5c5e\u4e8e Oracle \u65d7\u4e0b\u4ea7\u54c1\u3002MySQL \u662f\u6700\u6d41\u884c\u7684\u5173\u7cfb\u578b\u6570\u636e\u5e93\u7ba1\u7406\u7cfb\u7edf\u4e4b\u4e00\uff0c\u5728 WEB \u5e94\u7528\u65b9\u9762\uff0cMySQL\u662f\u6700\u597d\u7684 RDBMS (Relational Database Management System\uff0c\u5173\u7cfb\u6570\u636e\u5e93\u7ba1\u7406\u7cfb\u7edf) \u5e94\u7528\u8f6f\u4ef6\u4e4b\u4e00\u3002", "read_count": 0, "comment_count": 3, "up_count": 8, "down_count": 0, "create_time": "2020-02-14T09:40:07.055Z", "blog": 1, "category": 3, "article_type_id": 1}}, {"model": "repository.article", "pk": 6, "fields": {"title": "Java \u5168\u6808\u706b\u70ed\u5f00\u73ed", "summary": "Java\u662f\u4e00\u95e8\u9762\u5411\u5bf9\u8c61\u7f16\u7a0b\u8bed\u8a00\uff0c\u4e0d\u4ec5\u5438\u6536\u4e86C++\u8bed\u8a00\u7684\u5404\u79cd\u4f18\u70b9\uff0c\u8fd8\u6452\u5f03\u4e86C++\u91cc\u96be\u4ee5\u7406\u89e3\u7684\u591a\u7ee7\u627f\u3001\u6307\u9488\u7b49\u6982\u5ff5", "read_count": 0, "comment_count": 0, "up_count": 0, "down_count": 0, "create_time": "2020-03-09T04:15:08.733Z", "blog": 1, "category": 5, "article_type_id": 1}}, {"model": "repository.article", "pk": 7, "fields": {"title": "HTML \u706b\u70ed\u5f00\u73ed", "summary": "HTML\u662f\u4e00\u95e8\u9762\u5411\u5bf9\u8c61\u7f16\u7a0b\u8bed\u8a00", "read_count": 0, "comment_count": 0, "up_count": 0, "down_count": 0, "create_time": "2020-03-09T04:17:31.325Z", "blog": 1, "category": 5, "article_type_id": 1}}, {"model": "repository.article", "pk": 16, "fields": {"title": "R\u8bed\u8a00\u7f16\u7a0b\u57fa\u7840", "summary": "R\u662f\u7528\u4e8e\u7edf\u8ba1\u5206\u6790\u3001\u7ed8\u56fe\u7684\u8bed\u8a00\u548c\u64cd\u4f5c\u73af\u5883\u3002R\u662f\u5c5e\u4e8eGNU\u7cfb\u7edf\u7684\u4e00\u4e2a\u81ea\u7531\u3001\u514d\u8d39\u3001\u6e90\u4ee3\u7801\u5f00\u653e\u7684\u8f6f\u4ef6\uff0c\u5b83\u662f\u4e00\u4e2a\u7528\u4e8e\u7edf\u8ba1\u8ba1\u7b97\u548c\u7edf\u8ba1\u5236\u56fe\u7684\u4f18\u79c0\u5de5\u5177", "read_count": 0, "comment_count": 0, "up_count": 0, "down_count": 0, "create_time": "2020-09-13T10:47:47.364Z", "blog": 1, "category": 5, "article_type_id": 1}}, {"model": "repository.article", "pk": 17, "fields": {"title": "Linux \u547d\u4ee4\u57fa\u7840\u6559\u7a0b", "summary": "Linux\u662f\u4e00\u5957\u514d\u8d39\u4f7f\u7528\u548c\u81ea\u7531\u4f20\u64ad\u7684\u7c7bUnix\u64cd\u4f5c\u7cfb\u7edf,\u662f\u4e00\u4e2a\u57fa\u4e8ePOSIX\u548cUNIX\u7684\u591a\u7528\u6237\u3001\u591a\u4efb\u52a1\u3001\u652f\u6301\u591a\u7ebf\u7a0b\u548c\u591aCPU\u7684\u64cd\u4f5c\u7cfb\u7edf\u3002", "read_count": 0, "comment_count": 0, "up_count": 0, "down_count": 0, "create_time": "2020-09-13T11:01:03.502Z", "blog": 1, "category": 5, "article_type_id": 1}}, {"model": "repository.article", "pk": 18, "fields": {"title": "OpenStack\u4e91\u8ba1\u7b97", "summary": "OpenStack\u662f\u4e00\u4e2a\u4e91\u5e73\u53f0\u7ba1\u7406\u7684\u9879\u76ee\uff0cbai\u5b83\u4e0d\u662f\u4e00\u4e2a\u8f6f\u4ef6\u3002\u8fd9\u4e2adu\u9879\u76ee\u7531\u51e0\u4e2a\u4e3b\u8981\u7684\u7ec4\u4ef6\u7ec4\u5408\u8d77\u6765zhi\u5b8cdao\u6210\u4e00\u4e9b\u5177\u4f53\u7684\u5de5\u4f5c\u3002", "read_count": 0, "comment_count": 0, "up_count": 0, "down_count": 0, "create_time": "2020-09-13T11:04:29.177Z", "blog": 1, "category": 5, "article_type_id": 3}}, {"model": "repository.article", "pk": 19, "fields": {"title": "GO\u8bed\u8a00\u7684\u4f18\u52bf", "summary": "Go \u6781\u5176\u5730\u5feb\u3002\u5176\u6027\u80fd\u4e0e Java \u6216 C++\u76f8\u4f3c\u3002\u5728\u6211\u4eec\u7684\u4f7f\u7528\u4e2d\uff0cGo \u4e00\u822c\u6bd4 Python \u8981\u5feb 30 \u500d", "read_count": 0, "comment_count": 0, "up_count": 0, "down_count": 0, "create_time": "2020-09-13T11:07:06.581Z", "blog": 1, "category": 5, "article_type_id": 4}}, {"model": "repository.article", "pk": 20, "fields": {"title": "Linux \u8fd0\u7ef4\u57fa\u7840\u6559\u7a0b", "summary": "\u8fd0\u7ef4\u6307\u4e92\u8054\u7f51\u8fd0\u7ef4\uff0c\u901a\u5e38\u5c5e\u4e8e\u6280\u672f\u90e8\u95e8\uff0c\u5373\u8fd0\u7ef4\u90e8\u3002\u8fd0\u7ef4\u7684\u804c\u8d23\u662f\u4fdd\u8bc1\u670d\u52a1\u7684\u7a33\u5b9a\u8fd0\u884c\uff0c\u8003\u8651\u670d\u52a1\u7684\u53ef\u6269\u5c55\u6027\uff0c\u4ece\u7cfb\u7edf\u7684\u7a33\u5b9a\u6027\u548c\u53ef\u8fd0\u7ef4\u6027\u7684\u89d2\u5ea6\uff0c\u63d0\u51fa\u5f00\u53d1\u9700\u6c42\uff0c\u5b9a\u4f4d\u7cfb\u7edf\u7684\u95ee\u9898\uff0c\u5e76\u5bf9\u7a81\u7136\u51fa\u73b0\u7684\u95ee\u9898\u505a\u5230\u5feb\u901f\u54cd\u5e94\u548c\u5904\u7406", "read_count": 0, "comment_count": 0, "up_count": 0, "down_count": 0, "create_time": "2020-09-13T13:48:39.945Z", "blog": 1, "category": 4, "article_type_id": 2}}, {"model": "repository.article2tag", "pk": 1, "fields": {"article": 2, "tag": 1}}, {"model": "repository.article2tag", "pk": 2, "fields": {"article": 3, "tag": 3}}, {"model": "repository.article2tag", "pk": 6, "fields": {"article": 6, "tag": 3}}, {"model": "repository.article2tag", "pk": 11, "fields": {"article": 7, "tag": 3}}, {"model": "repository.article2tag", "pk": 12, "fields": {"article": 1, "tag": 3}}, {"model": "repository.article2tag", "pk": 17, "fields": {"article": 4, "tag": 2}}, {"model": "repository.article2tag", "pk": 21, "fields": {"article": 16, "tag": 3}}, {"model": "repository.article2tag", "pk": 24, "fields": {"article": 17, "tag": 3}}, {"model": "repository.article2tag", "pk": 27, "fields": {"article": 18, "tag": 2}}, {"model": "repository.article2tag", "pk": 28, "fields": {"article": 19, "tag": 3}}, {"model": "repository.article2tag", "pk": 29, "fields": {"article": 20, "tag": 2}}, {"model": "repository.trouble", "pk": 1, "fields": {"title": "\u7535\u8111\u4e2d\u6bd2\u4e86", "detail": "\u4e0a\u7f51\u540e\u4e2d\u6bd2", "user": 1, "ctime": "2020-02-25T09:45:21.451Z", "status": 3, "processer": 1, "solution": "\u6740\u6bd2", "ptime": "2020-02-28T10:33:06.403Z", "pj": null}}, {"model": "repository.trouble", "pk": 2, "fields": {"title": "\u7535\u8111\u84dd\u5c4f", "detail": "\u5f00\u4e0d\u4e86\u673a,\u663e\u793a\u84dd\u5c4f", "user": 1, "ctime": "2020-02-25T17:26:15.347Z", "status": 2, "processer": 1, "solution": null, "ptime": null, "pj": 2}}, {"model": "repository.trouble", "pk": 3, "fields": {"title": "\u7535\u8111\u84dd\u5c4f", "detail": "\u5f00\u4e0d\u4e86\u673a,\u663e\u793a\u84dd\u5c4f", "user": 1, "ctime": "2020-02-25T17:27:18.195Z", "status": 2, "processer": 1, "solution": null, "ptime": null, "pj": 2}}, {"model": "repository.trouble", "pk": 4, "fields": {"title": "\u7535\u8111\u7070\u5c4f", "detail": "\u5f00\u673a\u7070\u5c4f", "user": 1, "ctime": "2020-02-27T12:21:46.491Z", "status": 2, "processer": 1, "solution": null, "ptime": null, "pj": 2}}, {"model": "repository.trouble", "pk": 5, "fields": {"title": "\u6b7b\u673a\u4e86", "detail": "\u7535\u8111\u8fd0\u884c\u5361\u4f4f", "user": 1, "ctime": "2020-02-28T08:59:07.246Z", "status": 2, "processer": 1, "solution": null, "ptime": null, "pj": 2}}, {"model": "repository.trouble", "pk": 6, "fields": {"title": "\u7535\u8111\u84dd\u5c4f\u52a0\u6b7b\u673a", "detail": "\u7535\u8111\u84dd\u5c4f\u52a0\u6b7b\u673a,\u6709\u65f6\u5019\u6b7b\u673a", "user": 2, "ctime": "2020-02-29T14:01:00Z", "status": 2, "processer": 2, "solution": "\u91cd\u542f", "ptime": "2020-02-29T14:04:00Z", "pj": 2}}, {"model": "repository.trouble", "pk": 7, "fields": {"title": "\u7535\u8111\u5f00\u4e0d\u4e86\u673a", "detail": "\u5f00\u4e0d\u4e86\u673a", "user": 2, "ctime": "2020-02-29T14:03:00Z", "status": 3, "processer": 2, "solution": "\u7ef4\u4fee", "ptime": "2020-02-29T14:04:00Z", "pj": 2}}, {"model": "repository.trouble", "pk": 8, "fields": {"title": "\u4e0a\u4e0d\u4e86\u7f51", "detail": "\u6ca1\u7f51", "user": 2, "ctime": "2020-02-29T14:03:00Z", "status": 3, "processer": 2, "solution": "\u8054\u7f51", "ptime": "2020-02-29T14:29:00Z", "pj": 2}}, {"model": "repository.trouble", "pk": 9, "fields": {"title": "\u7535\u8111\u84dd\u5c4f2", "detail": "\u91cd\u65b0\u5f00\u673a", "user": 1, "ctime": "2020-03-09T11:25:51.114Z", "status": 1, "processer": null, "solution": null, "ptime": null, "pj": 2}}, {"model": "auth.permission", "pk": 1, "fields": {"name": "Can add log entry", "content_type": 1, "codename": "add_logentry"}}, {"model": "auth.permission", "pk": 2, "fields": {"name": "Can change log entry", "content_type": 1, "codename": "change_logentry"}}, {"model": "auth.permission", "pk": 3, "fields": {"name": "Can delete log entry", "content_type": 1, "codename": "delete_logentry"}}, {"model": "auth.permission", "pk": 4, "fields": {"name": "Can view log entry", "content_type": 1, "codename": "view_logentry"}}, {"model": "auth.permission", "pk": 5, "fields": {"name": "Can add permission", "content_type": 2, "codename": "add_permission"}}, {"model": "auth.permission", "pk": 6, "fields": {"name": "Can change permission", "content_type": 2, "codename": "change_permission"}}, {"model": "auth.permission", "pk": 7, "fields": {"name": "Can delete permission", "content_type": 2, "codename": "delete_permission"}}, {"model": "auth.permission", "pk": 8, "fields": {"name": "Can view permission", "content_type": 2, "codename": "view_permission"}}, {"model": "auth.permission", "pk": 9, "fields": {"name": "Can add group", "content_type": 3, "codename": "add_group"}}, {"model": "auth.permission", "pk": 10, "fields": {"name": "Can change group", "content_type": 3, "codename": "change_group"}}, {"model": "auth.permission", "pk": 11, "fields": {"name": "Can delete group", "content_type": 3, "codename": "delete_group"}}, {"model": "auth.permission", "pk": 12, "fields": {"name": "Can view group", "content_type": 3, "codename": "view_group"}}, {"model": "auth.permission", "pk": 13, "fields": {"name": "Can add user", "content_type": 4, "codename": "add_user"}}, {"model": "auth.permission", "pk": 14, "fields": {"name": "Can change user", "content_type": 4, "codename": "change_user"}}, {"model": "auth.permission", "pk": 15, "fields": {"name": "Can delete user", "content_type": 4, "codename": "delete_user"}}, {"model": "auth.permission", "pk": 16, "fields": {"name": "Can view user", "content_type": 4, "codename": "view_user"}}, {"model": "auth.permission", "pk": 17, "fields": {"name": "Can add content type", "content_type": 5, "codename": "add_contenttype"}}, {"model": "auth.permission", "pk": 18, "fields": {"name": "Can change content type", "content_type": 5, "codename": "change_contenttype"}}, {"model": "auth.permission", "pk": 19, "fields": {"name": "Can delete content type", "content_type": 5, "codename": "delete_contenttype"}}, {"model": "auth.permission", "pk": 20, "fields": {"name": "Can view content type", "content_type": 5, "codename": "view_contenttype"}}, {"model": "auth.permission", "pk": 21, "fields": {"name": "Can add session", "content_type": 6, "codename": "add_session"}}, {"model": "auth.permission", "pk": 22, "fields": {"name": "Can change session", "content_type": 6, "codename": "change_session"}}, {"model": "auth.permission", "pk": 23, "fields": {"name": "Can delete session", "content_type": 6, "codename": "delete_session"}}, {"model": "auth.permission", "pk": 24, "fields": {"name": "Can view session", "content_type": 6, "codename": "view_session"}}, {"model": "auth.permission", "pk": 25, "fields": {"name": "Can add article", "content_type": 7, "codename": "add_article"}}, {"model": "auth.permission", "pk": 26, "fields": {"name": "Can change article", "content_type": 7, "codename": "change_article"}}, {"model": "auth.permission", "pk": 27, "fields": {"name": "Can delete article", "content_type": 7, "codename": "delete_article"}}, {"model": "auth.permission", "pk": 28, "fields": {"name": "Can view article", "content_type": 7, "codename": "view_article"}}, {"model": "auth.permission", "pk": 29, "fields": {"name": "Can add blog", "content_type": 8, "codename": "add_blog"}}, {"model": "auth.permission", "pk": 30, "fields": {"name": "Can change blog", "content_type": 8, "codename": "change_blog"}}, {"model": "auth.permission", "pk": 31, "fields": {"name": "Can delete blog", "content_type": 8, "codename": "delete_blog"}}, {"model": "auth.permission", "pk": 32, "fields": {"name": "Can view blog", "content_type": 8, "codename": "view_blog"}}, {"model": "auth.permission", "pk": 33, "fields": {"name": "Can add user fans", "content_type": 9, "codename": "add_userfans"}}, {"model": "auth.permission", "pk": 34, "fields": {"name": "Can change user fans", "content_type": 9, "codename": "change_userfans"}}, {"model": "auth.permission", "pk": 35, "fields": {"name": "Can delete user fans", "content_type": 9, "codename": "delete_userfans"}}, {"model": "auth.permission", "pk": 36, "fields": {"name": "Can view user fans", "content_type": 9, "codename": "view_userfans"}}, {"model": "auth.permission", "pk": 37, "fields": {"name": "Can add user info", "content_type": 10, "codename": "add_userinfo"}}, {"model": "auth.permission", "pk": 38, "fields": {"name": "Can change user info", "content_type": 10, "codename": "change_userinfo"}}, {"model": "auth.permission", "pk": 39, "fields": {"name": "Can delete user info", "content_type": 10, "codename": "delete_userinfo"}}, {"model": "auth.permission", "pk": 40, "fields": {"name": "Can view user info", "content_type": 10, "codename": "view_userinfo"}}, {"model": "auth.permission", "pk": 41, "fields": {"name": "Can add tag", "content_type": 11, "codename": "add_tag"}}, {"model": "auth.permission", "pk": 42, "fields": {"name": "Can change tag", "content_type": 11, "codename": "change_tag"}}, {"model": "auth.permission", "pk": 43, "fields": {"name": "Can delete tag", "content_type": 11, "codename": "delete_tag"}}, {"model": "auth.permission", "pk": 44, "fields": {"name": "Can view tag", "content_type": 11, "codename": "view_tag"}}, {"model": "auth.permission", "pk": 45, "fields": {"name": "Can add comment", "content_type": 12, "codename": "add_comment"}}, {"model": "auth.permission", "pk": 46, "fields": {"name": "Can change comment", "content_type": 12, "codename": "change_comment"}}, {"model": "auth.permission", "pk": 47, "fields": {"name": "Can delete comment", "content_type": 12, "codename": "delete_comment"}}, {"model": "auth.permission", "pk": 48, "fields": {"name": "Can view comment", "content_type": 12, "codename": "view_comment"}}, {"model": "auth.permission", "pk": 49, "fields": {"name": "Can add category", "content_type": 13, "codename": "add_category"}}, {"model": "auth.permission", "pk": 50, "fields": {"name": "Can change category", "content_type": 13, "codename": "change_category"}}, {"model": "auth.permission", "pk": 51, "fields": {"name": "Can delete category", "content_type": 13, "codename": "delete_category"}}, {"model": "auth.permission", "pk": 52, "fields": {"name": "Can view category", "content_type": 13, "codename": "view_category"}}, {"model": "auth.permission", "pk": 53, "fields": {"name": "Can add article detail", "content_type": 14, "codename": "add_articledetail"}}, {"model": "auth.permission", "pk": 54, "fields": {"name": "Can change article detail", "content_type": 14, "codename": "change_articledetail"}}, {"model": "auth.permission", "pk": 55, "fields": {"name": "Can delete article detail", "content_type": 14, "codename": "delete_articledetail"}}, {"model": "auth.permission", "pk": 56, "fields": {"name": "Can view article detail", "content_type": 14, "codename": "view_articledetail"}}, {"model": "auth.permission", "pk": 57, "fields": {"name": "Can add article2 tag", "content_type": 15, "codename": "add_article2tag"}}, {"model": "auth.permission", "pk": 58, "fields": {"name": "Can change article2 tag", "content_type": 15, "codename": "change_article2tag"}}, {"model": "auth.permission", "pk": 59, "fields": {"name": "Can delete article2 tag", "content_type": 15, "codename": "delete_article2tag"}}, {"model": "auth.permission", "pk": 60, "fields": {"name": "Can view article2 tag", "content_type": 15, "codename": "view_article2tag"}}, {"model": "auth.permission", "pk": 61, "fields": {"name": "Can add up down", "content_type": 16, "codename": "add_updown"}}, {"model": "auth.permission", "pk": 62, "fields": {"name": "Can change up down", "content_type": 16, "codename": "change_updown"}}, {"model": "auth.permission", "pk": 63, "fields": {"name": "Can delete up down", "content_type": 16, "codename": "delete_updown"}}, {"model": "auth.permission", "pk": 64, "fields": {"name": "Can view up down", "content_type": 16, "codename": "view_updown"}}, {"model": "auth.permission", "pk": 65, "fields": {"name": "Can add trouble", "content_type": 17, "codename": "add_trouble"}}, {"model": "auth.permission", "pk": 66, "fields": {"name": "Can change trouble", "content_type": 17, "codename": "change_trouble"}}, {"model": "auth.permission", "pk": 67, "fields": {"name": "Can delete trouble", "content_type": 17, "codename": "delete_trouble"}}, {"model": "auth.permission", "pk": 68, "fields": {"name": "Can view trouble", "content_type": 17, "codename": "view_trouble"}}, {"model": "auth.user", "pk": 1, "fields": {"password": "pbkdf2_sha256$180000$8Dm29ott51ly$JYOVnHCV+EUcJvcrSQHt5q1GvnVuQvddclh0x09VlIA=", "last_login": "2020-09-06T04:14:05.335Z", "is_superuser": true, "username": "root", "first_name": "", "last_name": "", "email": "", "is_staff": true, "is_active": true, "date_joined": "2020-02-14T05:14:23.647Z", "groups": [], "user_permissions": []}}, {"model": "auth.user", "pk": 2, "fields": {"password": "pbkdf2_sha256$180000$UwZjqRyirD5j$VUs4cbYlgy58fD1LWjRQYhqhP6kCwfmyECmT8BxGr80=", "last_login": "2020-09-13T14:39:54.139Z", "is_superuser": true, "username": "admin", "first_name": "", "last_name": "", "email": "", "is_staff": true, "is_active": true, "date_joined": "2020-09-13T14:39:46.607Z", "groups": [], "user_permissions": []}}, {"model": "admin.logentry", "pk": 1, "fields": {"action_time": "2020-02-14T09:33:50.754Z", "user": 1, "content_type": 10, "object_id": "1", "object_repr": "root", "action_flag": 1, "change_message": "[{\"added\": {}}]"}}, {"model": "admin.logentry", "pk": 2, "fields": {"action_time": "2020-02-14T09:33:57.777Z", "user": 1, "content_type": 8, "object_id": "1", "object_repr": "ScorchHu", "action_flag": 1, "change_message": "[{\"added\": {}}]"}}, {"model": "admin.logentry", "pk": 3, "fields": {"action_time": "2020-02-14T09:35:24.496Z", "user": 1, "content_type": 13, "object_id": "1", "object_repr": "\u64cd\u4f5c\u7cfb\u7edf", "action_flag": 1, "change_message": "[{\"added\": {}}]"}}, {"model": "admin.logentry", "pk": 4, "fields": {"action_time": "2020-02-14T09:35:27.886Z", "user": 1, "content_type": 7, "object_id": "1", "object_repr": "Linux\u706b\u70ed\u5f00\u73ed", "action_flag": 1, "change_message": "[{\"added\": {}}]"}}, {"model": "admin.logentry", "pk": 5, "fields": {"action_time": "2020-02-14T09:36:10.239Z", "user": 1, "content_type": 13, "object_id": "2", "object_repr": "Python", "action_flag": 1, "change_message": "[{\"added\": {}}]"}}, {"model": "admin.logentry", "pk": 6, "fields": {"action_time": "2020-02-14T09:36:23.413Z", "user": 1, "content_type": 13, "object_id": "3", "object_repr": "\u8bbe\u8ba1\u6a21\u5f0f", "action_flag": 1, "change_message": "[{\"added\": {}}]"}}, {"model": "admin.logentry", "pk": 7, "fields": {"action_time": "2020-02-14T09:36:58.671Z", "user": 1, "content_type": 13, "object_id": "4", "object_repr": "\u8fd0\u7ef4", "action_flag": 1, "change_message": "[{\"added\": {}}]"}}, {"model": "admin.logentry", "pk": 8, "fields": {"action_time": "2020-02-14T09:37:14.129Z", "user": 1, "content_type": 7, "object_id": "2", "object_repr": "Python \u5168\u6808\u706b\u70ed\u5f00\u73ed", "action_flag": 1, "change_message": "[{\"added\": {}}]"}}, {"model": "admin.logentry", "pk": 9, "fields": {"action_time": "2020-02-14T09:37:55.600Z", "user": 1, "content_type": 13, "object_id": "5", "object_repr": "\u7f16\u7a0b\u8bed\u8a00", "action_flag": 1, "change_message": "[{\"added\": {}}]"}}, {"model": "admin.logentry", "pk": 10, "fields": {"action_time": "2020-02-14T09:39:02.721Z", "user": 1, "content_type": 7, "object_id": "3", "object_repr": "PY \u5168\u6808\u706b\u70ed\u5f00\u73ed", "action_flag": 1, "change_message": "[{\"added\": {}}]"}}, {"model": "admin.logentry", "pk": 11, "fields": {"action_time": "2020-02-14T09:40:07.057Z", "user": 1, "content_type": 7, "object_id": "4", "object_repr": "pymysql", "action_flag": 1, "change_message": "[{\"added\": {}}]"}}, {"model": "admin.logentry", "pk": 12, "fields": {"action_time": "2020-02-14T09:45:23.508Z", "user": 1, "content_type": 7, "object_id": "5", "object_repr": "\u51d1\u5b57\u6570\u7684", "action_flag": 1, "change_message": "[{\"added\": {}}]"}}, {"model": "admin.logentry", "pk": 13, "fields": {"action_time": "2020-02-18T09:01:43.818Z", "user": 1, "content_type": 11, "object_id": "1", "object_repr": "Python\u4e4b\u8def", "action_flag": 1, "change_message": "[{\"added\": {}}]"}}, {"model": "admin.logentry", "pk": 14, "fields": {"action_time": "2020-02-18T09:01:52.472Z", "user": 1, "content_type": 11, "object_id": "2", "object_repr": "\u4eba\u751f\u82e6\u77ed", "action_flag": 1, "change_message": "[{\"added\": {}}]"}}, {"model": "admin.logentry", "pk": 15, "fields": {"action_time": "2020-02-18T09:02:09.385Z", "user": 1, "content_type": 11, "object_id": "3", "object_repr": "\u5168\u6808\u5f00\u53d1", "action_flag": 1, "change_message": "[{\"added\": {}}]"}}, {"model": "admin.logentry", "pk": 16, "fields": {"action_time": "2020-02-18T09:02:43.474Z", "user": 1, "content_type": 15, "object_id": "1", "object_repr": "Article2Tag object (1)", "action_flag": 1, "change_message": "[{\"added\": {}}]"}}, {"model": "admin.logentry", "pk": 17, "fields": {"action_time": "2020-02-18T09:02:52.446Z", "user": 1, "content_type": 15, "object_id": "2", "object_repr": "Article2Tag object (2)", "action_flag": 1, "change_message": "[{\"added\": {}}]"}}, {"model": "admin.logentry", "pk": 18, "fields": {"action_time": "2020-02-18T09:02:58.379Z", "user": 1, "content_type": 15, "object_id": "3", "object_repr": "Article2Tag object (3)", "action_flag": 1, "change_message": "[{\"added\": {}}]"}}, {"model": "admin.logentry", "pk": 19, "fields": {"action_time": "2020-02-18T09:03:06.567Z", "user": 1, "content_type": 15, "object_id": "4", "object_repr": "Article2Tag object (4)", "action_flag": 1, "change_message": "[{\"added\": {}}]"}}, {"model": "admin.logentry", "pk": 20, "fields": {"action_time": "2020-02-18T09:03:11.383Z", "user": 1, "content_type": 15, "object_id": "5", "object_repr": "Article2Tag object (5)", "action_flag": 1, "change_message": "[{\"added\": {}}]"}}, {"model": "admin.logentry", "pk": 21, "fields": {"action_time": "2020-02-19T08:17:22.804Z", "user": 1, "content_type": 14, "object_id": "1", "object_repr": "ArticleDetail object (1)", "action_flag": 1, "change_message": "[{\"added\": {}}]"}}, {"model": "admin.logentry", "pk": 22, "fields": {"action_time": "2020-02-19T08:17:26.941Z", "user": 1, "content_type": 14, "object_id": "2", "object_repr": "ArticleDetail object (2)", "action_flag": 1, "change_message": "[{\"added\": {}}]"}}, {"model": "admin.logentry", "pk": 23, "fields": {"action_time": "2020-02-19T08:17:30.505Z", "user": 1, "content_type": 14, "object_id": "3", "object_repr": "ArticleDetail object (3)", "action_flag": 1, "change_message": "[{\"added\": {}}]"}}, {"model": "admin.logentry", "pk": 24, "fields": {"action_time": "2020-02-19T08:17:34.096Z", "user": 1, "content_type": 14, "object_id": "4", "object_repr": "ArticleDetail object (4)", "action_flag": 1, "change_message": "[{\"added\": {}}]"}}, {"model": "admin.logentry", "pk": 25, "fields": {"action_time": "2020-02-19T08:17:39.237Z", "user": 1, "content_type": 14, "object_id": "5", "object_repr": "ArticleDetail object (5)", "action_flag": 1, "change_message": "[{\"added\": {}}]"}}, {"model": "admin.logentry", "pk": 26, "fields": {"action_time": "2020-02-20T09:17:32.465Z", "user": 1, "content_type": 16, "object_id": "1", "object_repr": "UpDown object (1)", "action_flag": 1, "change_message": "[{\"added\": {}}]"}}, {"model": "admin.logentry", "pk": 27, "fields": {"action_time": "2020-02-20T09:17:39.955Z", "user": 1, "content_type": 16, "object_id": "2", "object_repr": "UpDown object (2)", "action_flag": 1, "change_message": "[{\"added\": {}}]"}}, {"model": "admin.logentry", "pk": 28, "fields": {"action_time": "2020-02-29T14:00:25.214Z", "user": 1, "content_type": 10, "object_id": "2", "object_repr": "scorch", "action_flag": 1, "change_message": "[{\"added\": {}}]"}}, {"model": "admin.logentry", "pk": 29, "fields": {"action_time": "2020-02-29T14:02:34.452Z", "user": 1, "content_type": 17, "object_id": "6", "object_repr": "Trouble object (6)", "action_flag": 1, "change_message": "[{\"added\": {}}]"}}, {"model": "admin.logentry", "pk": 30, "fields": {"action_time": "2020-02-29T14:04:09.563Z", "user": 1, "content_type": 17, "object_id": "7", "object_repr": "Trouble object (7)", "action_flag": 1, "change_message": "[{\"added\": {}}]"}}, {"model": "admin.logentry", "pk": 31, "fields": {"action_time": "2020-02-29T14:04:27.160Z", "user": 1, "content_type": 17, "object_id": "6", "object_repr": "Trouble object (6)", "action_flag": 2, "change_message": "[{\"changed\": {\"fields\": [\"Ptime\"]}}]"}}, {"model": "admin.logentry", "pk": 32, "fields": {"action_time": "2020-02-29T14:04:31.244Z", "user": 1, "content_type": 17, "object_id": "7", "object_repr": "Trouble object (7)", "action_flag": 2, "change_message": "[{\"changed\": {\"fields\": [\"Ptime\"]}}]"}}, {"model": "admin.logentry", "pk": 33, "fields": {"action_time": "2020-02-29T14:29:20.413Z", "user": 1, "content_type": 17, "object_id": "8", "object_repr": "Trouble object (8)", "action_flag": 1, "change_message": "[{\"added\": {}}]"}}, {"model": "admin.logentry", "pk": 34, "fields": {"action_time": "2020-04-12T15:28:34.390Z", "user": 1, "content_type": 7, "object_id": "3", "object_repr": "web\u524d\u7aef\u5f00\u53d1", "action_flag": 2, "change_message": "[{\"changed\": {\"fields\": [\"\\u6587\\u7ae0\\u6807\\u9898\", \"\\u6587\\u7ae0\\u7b80\\u4ecb\"]}}]"}}, {"model": "admin.logentry", "pk": 35, "fields": {"action_time": "2020-04-12T15:30:36.103Z", "user": 1, "content_type": 7, "object_id": "11", "object_repr": "GO\u8bed\u8a00\u5f00\u53d1", "action_flag": 1, "change_message": "[{\"added\": {}}]"}}, {"model": "admin.logentry", "pk": 36, "fields": {"action_time": "2020-04-12T15:32:34.448Z", "user": 1, "content_type": 7, "object_id": "2", "object_repr": "Python \u5168\u6808\u706b\u70ed\u5f00\u73ed", "action_flag": 2, "change_message": "[{\"changed\": {\"fields\": [\"\\u6587\\u7ae0\\u7b80\\u4ecb\"]}}]"}}, {"model": "admin.logentry", "pk": 37, "fields": {"action_time": "2020-04-12T15:33:46.791Z", "user": 1, "content_type": 7, "object_id": "1", "object_repr": "Linux\u706b\u70ed\u5f00\u73ed", "action_flag": 2, "change_message": "[{\"changed\": {\"fields\": [\"\\u6587\\u7ae0\\u7b80\\u4ecb\"]}}]"}}, {"model": "admin.logentry", "pk": 38, "fields": {"action_time": "2020-04-12T15:35:44.779Z", "user": 1, "content_type": 7, "object_id": "12", "object_repr": "OpenStack\u4e91\u8ba1\u7b97", "action_flag": 1, "change_message": "[{\"added\": {}}]"}}, {"model": "admin.logentry", "pk": 39, "fields": {"action_time": "2020-04-12T15:36:00.027Z", "user": 1, "content_type": 7, "object_id": "12", "object_repr": "OpenStack\u4e91\u8ba1\u7b97", "action_flag": 2, "change_message": "[{\"changed\": {\"fields\": [\"\\u6587\\u7ae0\\u7c7b\\u578b\", \"Article type id\"]}}]"}}, {"model": "admin.logentry", "pk": 40, "fields": {"action_time": "2020-04-12T15:36:24.844Z", "user": 1, "content_type": 7, "object_id": "1", "object_repr": "Linux\u706b\u70ed\u5f00\u73ed", "action_flag": 2, "change_message": "[{\"changed\": {\"fields\": [\"Up count\", \"Down count\"]}}]"}}, {"model": "admin.logentry", "pk": 41, "fields": {"action_time": "2020-04-12T15:36:59.410Z", "user": 1, "content_type": 7, "object_id": "2", "object_repr": "Python \u5168\u6808\u5f00\u53d1", "action_flag": 2, "change_message": "[{\"changed\": {\"fields\": [\"\\u6587\\u7ae0\\u6807\\u9898\", \"Up count\", \"Down count\"]}}]"}}, {"model": "admin.logentry", "pk": 42, "fields": {"action_time": "2020-04-12T15:38:57.096Z", "user": 1, "content_type": 7, "object_id": "4", "object_repr": "Mysql\u6570\u636e\u5e93", "action_flag": 2, "change_message": "[{\"changed\": {\"fields\": [\"\\u6587\\u7ae0\\u6807\\u9898\", \"\\u6587\\u7ae0\\u7b80\\u4ecb\", \"Comment count\", \"Up count\"]}}]"}}, {"model": "admin.logentry", "pk": 43, "fields": {"action_time": "2020-04-12T15:40:15.412Z", "user": 1, "content_type": 7, "object_id": "1", "object_repr": "Linux\u706b\u70ed\u5f00\u73ed", "action_flag": 2, "change_message": "[{\"changed\": {\"fields\": [\"Comment count\"]}}]"}}, {"model": "admin.logentry", "pk": 44, "fields": {"action_time": "2020-04-12T15:40:23.211Z", "user": 1, "content_type": 7, "object_id": "2", "object_repr": "Python \u5168\u6808\u5f00\u53d1", "action_flag": 2, "change_message": "[{\"changed\": {\"fields\": [\"Comment count\"]}}]"}}, {"model": "admin.logentry", "pk": 45, "fields": {"action_time": "2020-04-12T15:40:34.367Z", "user": 1, "content_type": 7, "object_id": "3", "object_repr": "web\u524d\u7aef\u5f00\u53d1", "action_flag": 2, "change_message": "[{\"changed\": {\"fields\": [\"Up count\"]}}]"}}, {"model": "admin.logentry", "pk": 46, "fields": {"action_time": "2020-04-12T15:48:06.737Z", "user": 1, "content_type": 7, "object_id": "13", "object_repr": "GO\u8bed\u8a00\u7684\u4f18\u52bf", "action_flag": 1, "change_message": "[{\"added\": {}}]"}}, {"model": "admin.logentry", "pk": 47, "fields": {"action_time": "2020-04-12T15:49:30.440Z", "user": 1, "content_type": 7, "object_id": "14", "object_repr": "GO\u8bed\u8a00\u7684\u52a3\u52bf", "action_flag": 1, "change_message": "[{\"added\": {}}]"}}, {"model": "admin.logentry", "pk": 48, "fields": {"action_time": "2020-04-12T15:54:50.962Z", "user": 1, "content_type": 7, "object_id": "2", "object_repr": "Python \u5168\u6808\u5f00\u53d1", "action_flag": 2, "change_message": "[{\"changed\": {\"fields\": [\"Comment count\"]}}]"}}, {"model": "admin.logentry", "pk": 49, "fields": {"action_time": "2020-09-13T14:40:48.844Z", "user": 2, "content_type": 10, "object_id": "9", "object_repr": "ponyma", "action_flag": 3, "change_message": ""}}, {"model": "admin.logentry", "pk": 50, "fields": {"action_time": "2020-09-13T14:40:52.121Z", "user": 2, "content_type": 10, "object_id": "11", "object_repr": "tomcat", "action_flag": 3, "change_message": ""}}, {"model": "admin.logentry", "pk": 51, "fields": {"action_time": "2020-09-13T14:40:54.718Z", "user": 2, "content_type": 10, "object_id": "10", "object_repr": "jackchen", "action_flag": 3, "change_message": ""}}]